ICMP,Phylum,TestedAgainst,Strain,Media,BioRep,Condition,TechRep,DaysOld,Size,ZOISize,Neg _control,
16972,Basidiomycete,KP,70063,PDA,1,L,1,8,,0,,
16972,Basidiomycete,KP,70063,PDA,1,D,1,8,,7,,
16972,Basidiomycete,KP,70063,PDA,2,L,1,26,100,0,,
16972,Basidiomycete,KP,70063,PDA,2,D,1,26,100,0,,
16972,Basidiomycete,KP,70063,PDA,3,L,1,16,50,0,,
16972,Basidiomycete,KP,70063,PDA,3,D,1,6,20,0,,
16972,Basidiomycete,KP,70063,PDA,4,L,1,13,50,0,,
16972,Basidiomycete,KP,70063,PDA,4,D,1,4,20,0,,
16972,Basidiomycete,KP,70063,MEA,1,L,1,12,50,0,,
16972,Basidiomycete,KP,70063,MEA,1,D,1,4,20,0,,
16972,Basidiomycete,KP,70063,MEA,2,L,1,8,,0,,
16972,Basidiomycete,KP,70063,MEA,2,D,1,26,100,0,,
16972,Basidiomycete,KP,70063,MEA,3,L,1,12,50,0,,
16972,Basidiomycete,KP,70063,MEA,4,L,1,9,20,0,,
16972,Basidiomycete,KP,70063,MEA,5,L,1,6,20,0,,
16972,Basidiomycete,KP,70063,WA,1,L,1,7,20,0,,
16972,Basidiomycete,KP,70063,WA,1,D,1,,,0,,
16972,Basidiomycete,KP,70063,WA,2,L,1,7,20,9,,                                                                                                                                                                                                                                                                                                                                                
16972,Basidiomycete,KP,70063,WA,2,D,1,14,,8,,
16972,Basidiomycete,KP,70063,WA,3,L,1,22,,11,,
16972,Basidiomycete,KP,70063,WA,3,D,1,36,,15,,
16972,Basidiomycete,KP,70063,WA,4,D,1,21,,10,,
16972,Basidiomycete,KP,70063,WA,5,D,1,30,,8,,
16972,Basidiomycete,KP,70063,CEA,1,L,1,8,,12,,
16972,Basidiomycete,KP,70063,CEA,1,D,1,8,,12,,
16972,Basidiomycete,KP,70063,CEA,2,L,1,6,20,0,,
16972,Basidiomycete,KP,70063,CEA,2,D,1,14,,8,,
16972,Basidiomycete,KP,70063,CEA,3,D,1,,,0,,
16972,Basidiomycete,KP,70063,REA,1,L,1,,,0,,
16972,Basidiomycete,KP,70063,REA,1,D,1,,,0,,
16972,Basidiomycete,KP,70063,REA,2,L,1,9,100,12,,
16972,Basidiomycete,KP,70063,REA,2,D,1,14,,11,,
16972,Basidiomycete,KP,70063,REA,3,L,1,6,50,10,,
16972,Basidiomycete,KP,70063,REA,3,D,1,36,100,15,,
16972,Basidiomycete,KP,70063,REA,4,L,1,15,,8,,
16972,Basidiomycete,KP,70063,REA,4,D,1,10,50,13,,
16972,Basidiomycete,KP,70063,REA,5,D,1,23,,7,,
16972,Basidiomycete,KP,70063,REA,6,D,1,14,100,0,,
16972,Basidiomycete,KP,70063,REA,7,D,1,14,100,0,,
16972,Basidiomycete,KP,70063,OEA,1,L,1,13,100,14,,
16972,Basidiomycete,KP,70063,OEA,1,D,1,14,50,0,,
16972,Basidiomycete,KP,70063,OEA,2,L,1,19,100,10,,
16972,Basidiomycete,EC,25922L,PDA,1,L,1,26,50,10,,
16972,Basidiomycete,EC,25922L,PDA,1,D,1,14,100,7,,
16972,Basidiomycete,EC,25922L,PDA,2,L,1,16,20,0,,
16972,Basidiomycete,EC,25922L,PDA,2,D,1,26,20,9,,
16972,Basidiomycete,EC,25922L,PDA,3,L,1,6,50,0,,
16972,Basidiomycete,EC,25922L,PDA,3,D,1,6,,0,,
16972,Basidiomycete,EC,25922L,PDA,4,L,,13,,0,,
16972,Basidiomycete,EC,25922L,PDA,4,D,,14,20,10,,
16972,Basidiomycete,EC,25922L,PDA,5,L,,4,,0,,
16972,Basidiomycete,EC,25922L,MEA,1,L,1,12,50,0,,
16972,Basidiomycete,EC,25922L,MEA,1,D,1,14,100,7,,
16972,Basidiomycete,EC,25922L,MEA,2,L,1,12,20,0,,
16972,Basidiomycete,EC,25922L,MEA,2,D,1,26,20,9,,
16972,Basidiomycete,EC,25922L,MEA,3,L,1,9,20,0,,
16972,Basidiomycete,EC,25922L,MEA,3,D,1,4,,0,,
16972,Basidiomycete,EC,25922L,MEA,4,L,1,6,20,0,,
16972,Basidiomycete,EC,25922L,MEA,4,D,1,61,,0,,
16972,Basidiomycete,EC,25922L,WA,1,L,1,7,,0,,
16972,Basidiomycete,EC,25922L,WA,1,D,1,23,,0,,
16972,Basidiomycete,EC,25922L,WA,2,L,1,15,,0,,
16972,Basidiomycete,EC,25922L,WA,2,D,1,14,,0,,
16972,Basidiomycete,EC,25922L,CEA,1,L,1,24,20,0,,
16972,Basidiomycete,EC,25922L,CEA,1,D,1,,,0,,
16972,Basidiomycete,EC,25922L,CEA,2,L,1,6,,0,,
16972,Basidiomycete,EC,25922L,CEA,2,D,1,,,0,,
16972,Basidiomycete,EC,25922L,REA,1,L,1,9,,0,,
16972,Basidiomycete,EC,25922L,REA,1,D,1,36,,0,,
16972,Basidiomycete,EC,25922L,REA,2,L,1,,50,8,,
16972,Basidiomycete,EC,25922L,REA,2,D,1,,,0,,
16972,Basidiomycete,EC,25922L,REA,3,L,1,6,,0,,
16972,Basidiomycete,EC,25922L,OEA,1,L,1,13,100,0,,
16972,Basidiomycete,EC,25922L,OEA,1,D,1,24,,0,,
16972,Basidiomycete,EC,25922L,OEA,2,L,1,19,,8,,
16972,Basidiomycete,EC,25922L,OEA,2,D,1,,,7,,
17492,Zygomycete,KP,70063,PDA,1,L,1,,,0,,
17492,Zygomycete,KP,70063,PDA,1,D,1,,,0,,
17492,Zygomycete,KP,70063,PDA,2,L,1,12,,0,,
17492,Zygomycete,KP,70063,PDA,2,D,1,12,,0,,
17492,Zygomycete,KP,70063,PDA,3,L,1,6,20,0,,
17492,Zygomycete,KP,70063,PDA,3,D,1,,,0,,
17492,Zygomycete,KP,70063,PDA,4,L,1,15,,0,,
17492,Zygomycete,KP,70063,PDA,4,D,1,14,,7,,
17492,Zygomycete,KP,70063,MEA,1,L,1,22,,0,,
17492,Zygomycete,KP,70063,MEA,1,D,1,11,,0,,
17492,Zygomycete,KP,70063,MEA,2,L,1,6,20,0,,
17492,Zygomycete,KP,70063,MEA,2,D,1,26,100,0,,
17492,Zygomycete,KP,70063,MEA,3,L,1,,,0,,
17492,Zygomycete,KP,70063,MEA,3,D,1,,,0,,
17492,Zygomycete,KP,70063,MEA,4,L,1,8,75,7,,
17492,Zygomycete,KP,70063,MEA,4,D,1,7,50,8,,
17492,Zygomycete,KP,70063,WA,1,L,1,,,0,,
17492,Zygomycete,KP,70063,WA,1,D,1,,,0,,
17492,Zygomycete,KP,70063,WA,2,L,1,22,,0,,
17492,Zygomycete,KP,70063,WA,2,D,1,22,,0,,
17492,Zygomycete,KP,70063,WA,3,L,1,36,50,9,,
17492,Zygomycete,KP,70063,WA,3,D,1,36,50,11,,
17492,Zygomycete,KP,70063,WA,4,L,1,36,50,11,,
17492,Zygomycete,KP,70063,WA,5,L,1,36,50,0,,
17492,Zygomycete,KP,70063,CEA,1,L,1,10,,12,,
17492,Zygomycete,KP,70063,CEA,1,D,1,10,,8,,
17492,Zygomycete,KP,70063,CEA,2,L,1,22,,8,,
17492,Zygomycete,KP,70063,CEA,2,D,1,22,,8,,
17492,Zygomycete,KP,70063,CEA,3,L,1,9,20,11,,
17492,Zygomycete,KP,70063,CEA,3,D,1,10,20,14,,
17492,Zygomycete,KP,70063,CEA,4,L,1,41,100,7,,
17492,Zygomycete,KP,70063,CEA,4,D,1,23,,7,,
17492,Zygomycete,KP,70063,REA,1,L,1,,,0,,
17492,Zygomycete,KP,70063,REA,1,D,1,,,0,,
17492,Zygomycete,KP,70063,REA,2,L,1,22,,0,,
17492,Zygomycete,KP,70063,REA,2,D,1,,,0,,
17492,Zygomycete,KP,70063,REA,3,L,1,8,50,8,,
17492,Zygomycete,KP,70063,REA,3,D,1,36,100,7,,
17492,Zygomycete,KP,70063,REA,4,L,1,6,20,0,,
17492,Zygomycete,KP,70063,REA,4,D,1,4,20,10,,
17492,Zygomycete,KP,70063,REA,5,L,1,15,,0,,
17492,Zygomycete,KP,70063,REA,5,D,1,14,,7,,
17492,Zygomycete,KP,70063,REA,6,D,1,14,,7,,
17492,Zygomycete,KP,70063,REA,7,D,1,7,50,0,,
17492,Zygomycete,KP,70063,OEA,1,L,1,,,0,,
17492,Zygomycete,KP,70063,OEA,1,D,1,14,50,0,,
17492,Zygomycete,KP,70063,OEA,2,L,1,12,,0,,
17492,Zygomycete,KP,70063,OEA,2,D,1,22,,0,,
17492,Zygomycete,KP,70063,OEA,3,L,1,36,100,10,,
17492,Zygomycete,KP,70063,OEA,3,D,1,,,0,,
17492,Zygomycete,KP,70063,OEA,4,L,1,6,20,0,,
17492,Zygomycete,KP,70063,OEA,4,D,1,,,10,,
17492,Zygomycete,KP,70063,OEA,5,L,1,8,50,6,,
17492,Zygomycete,KP,70063,OEA,5,D,1,8,50,11,,
17492,Zygomycete,EC,25922L,PDA,1,L,1,14,,8,,
17492,Zygomycete,EC,25922L,PDA,1,D,1,14,,7,,
17492,Zygomycete,EC,25922L,PDA,2,L,1,5,20,0,,
17492,Zygomycete,EC,25922L,PDA,2,D,1,26,100,0,,
17492,Zygomycete,EC,25922L,PDA,3,L,1,6,20,0,,
17492,Zygomycete,EC,25922L,PDA,3,D,1,14,,0,,
17492,Zygomycete,EC,25922L,PDA,4,L,1,15,,0,,
17492,Zygomycete,EC,25922L,MEA,1,L,1,24,,0,,
17492,Zygomycete,EC,25922L,MEA,1,D,1,14,,0,,
17492,Zygomycete,EC,25922L,MEA,2,L,1,6,20,20,,
17492,Zygomycete,EC,25922L,MEA,2,D,1,26,100,0,,
17492,Zygomycete,EC,25922L,MEA,3,L,1,15,,0,,
17492,Zygomycete,EC,25922L,MEA,3,D,1,7,50,0,,
17492,Zygomycete,EC,25922L,MEA,4,L,1,8,75,0,,
17492,Zygomycete,EC,25922L,WA,1,L,1,15,,0,,
17492,Zygomycete,EC,25922L,WA,1,D,1,,,0,,
17492,Zygomycete,EC,25922L,WA,2,L,1,15,,0,,
17492,Zygomycete,EC,25922L,WA,2,D,1,14,,0,,
17492,Zygomycete,EC,25922L,WA,3,L,1,36,50,0,,
17492,Zygomycete,EC,25922L,WA,4,L,1,36,50,0,,
17492,Zygomycete,EC,25922L,CEA,1,L,1,24,,0,,
17492,Zygomycete,EC,25922L,CEA,1,D,1,24,,0,,
17492,Zygomycete,EC,25922L,CEA,2,L,1,9,20,0,,
17492,Zygomycete,EC,25922L,CEA,3,L,1,36,,0,,
17492,Zygomycete,EC,25922L,REA,1,L,1,8,50,0,,
17492,Zygomycete,EC,25922L,REA,1,D,1,36,100,0,,
17492,Zygomycete,EC,25922L,REA,2,L,1,6,20,0,,
17492,Zygomycete,EC,25922L,REA,2,D,1,14,,0,,
17492,Zygomycete,EC,25922L,REA,3,L,1,15,,0,,
17492,Zygomycete,EC,25922L,REA,3,D,1,14,,0,,
17492,Zygomycete,EC,25922L,REA,4,D,1,7,50,0,,
17492,Zygomycete,EC,25922L,OEA,1,L,1,24,,0,,
17492,Zygomycete,EC,25922L,OEA,1,D,1,14,,0,,
17492,Zygomycete,EC,25922L,OEA,2,L,1,6,20,0,,
17492,Zygomycete,EC,25922L,OEA,2,D,1,,,0,,
17492,Zygomycete,EC,25922L,OEA,3,L,1,8,50,0,,
17492,Zygomycete,EC,25922L,OEA,3,D,1,8,50,0,,
15652,Zygomycete,KP,70063,PDA,1,L,1,8,100,0,,
15652,Zygomycete,KP,70063,PDA,1,D,1,8,100,0,,
15652,Zygomycete,KP,70063,PDA,2,L,1,14,100,0,,
15652,Zygomycete,KP,70063,PDA,2,D,1,14,100,0,,
15652,Zygomycete,KP,70063,PDA,3,L,1,,100,0,,
15652,Zygomycete,KP,70063,PDA,3,D,1,,100,0,,
15652,Zygomycete,KP,70063,MEA,1,L,1,8,100,0,,
15652,Zygomycete,KP,70063,MEA,1,D,1,8,100,0,,
15652,Zygomycete,KP,70063,MEA,2,L,1,14,100,0,,
15652,Zygomycete,KP,70063,MEA,2,D,1,14,100,0,,
15652,Zygomycete,KP,70063,MEA,3,L,1,,100,0,,
15652,Zygomycete,KP,70063,MEA,3,D,1,,100,0,,
15652,Zygomycete,KP,70063,WA,1,L,1,8,100,0,,
15652,Zygomycete,KP,70063,WA,1,D,1,8,100,0,,
15652,Zygomycete,KP,70063,WA,2,L,1,14,100,0,,
15652,Zygomycete,KP,70063,WA,2,D,1,14,100,0,,
15652,Zygomycete,KP,70063,WA,3,L,1,,100,0,,
15652,Zygomycete,KP,70063,WA,3,D,1,,100,0,,
15652,Zygomycete,KP,70063,CEA,1,L,1,8,100,10,,
15652,Zygomycete,KP,70063,CEA,1,D,1,8,100,14,,
15652,Zygomycete,KP,70063,CEA,2,L,1,14,100,19,,
15652,Zygomycete,KP,70063,CEA,2,D,1,14,100,18,,
15652,Zygomycete,KP,70063,CEA,3,L,1,,100,0,,
15652,Zygomycete,KP,70063,CEA,3,D,1,,100,0,,
15652,Zygomycete,KP,70063,REA,1,L,1,8,100,0,,
15652,Zygomycete,KP,70063,REA,1,D,1,8,100,0,,
15652,Zygomycete,KP,70063,REA,2,L,1,14,100,0,,
15652,Zygomycete,KP,70063,REA,2,D,1,14,100,0,,
15652,Zygomycete,KP,70063,REA,3,L,1,,100,0,,
15652,Zygomycete,KP,70063,REA,3,D,1,,100,0,,
15652,Zygomycete,KP,70063,OEA,1,L,1,8,100,9,,
15652,Zygomycete,KP,70063,OEA,1,D,1,8,100,8,,
15652,Zygomycete,KP,70063,OEA,2,L,1,14,100,0,,
15652,Zygomycete,KP,70063,OEA,2,D,1,14,100,0,,
15652,Zygomycete,EC,25922L,PDA,1,L,1,24,100,8,,
15652,Zygomycete,EC,25922L,PDA,1,D,1,24,100,12,,
15652,Zygomycete,EC,25922L,PDA,2,L,1,8,100,11,,
15652,Zygomycete,EC,25922L,PDA,2,D,1,8,100,7,,
15652,Zygomycete,EC,25922L,PDA,2,L,2,8,100,11,,
15652,Zygomycete,EC,25922L,PDA,2,D,2,8,100,7,,
15652,Zygomycete,EC,25922L,PDA,2,L,2,8,100,13,,
15652,Zygomycete,EC,25922L,PDA,2,D,2,8,100,7,,
15652,Zygomycete,EC,25922L,MEA,1,L,1,,100,0,,
15652,Zygomycete,EC,25922L,MEA,1,D,1,,100,0,,
15652,Zygomycete,EC,25922L,MEA,2,L,1,8,100,14,,
15652,Zygomycete,EC,25922L,MEA,2,D,1,8,100,16,,
15652,Zygomycete,EC,25922L,MEA,2,L,2,8,100,17,,
15652,Zygomycete,EC,25922L,MEA,2,D,2,8,100,16,,
15652,Zygomycete,EC,25922L,MEA,2,L,3,8,100,14,,
15652,Zygomycete,EC,25922L,MEA,2,D,3,8,100,16,,
15652,Zygomycete,EC,25922L,MEA,3,L,1,15,100,0,,
15652,Zygomycete,EC,25922L,MEA,3,L,2,15,100,0,,
15652,Zygomycete,EC,25922L,MEA,3,L,3,15,100,0,,
15652,Zygomycete,EC,25922L,MEA,4,L,1,15,100,0,,
15652,Zygomycete,EC,25922L,MEA,4,D,1,15,100,0,,
15652,Zygomycete,EC,25922L,MEA,4,L,2,15,100,0,,
15652,Zygomycete,EC,25922L,MEA,4,D,2,15,100,0,,
15652,Zygomycete,EC,25922L,MEA,4,L,3,15,100,0,,
15652,Zygomycete,EC,25922L,MEA,4,D,3,15,100,0,,
21634,Basidiomycete,KP,70063,PDA,1,L,1,12,100,7,,
21634,Basidiomycete,KP,70063,PDA,1,D,1,14,100,0,,
21634,Basidiomycete,KP,70063,PDA,2,L,1,5,20,0,,
21634,Basidiomycete,KP,70063,PDA,2,D,1,15,75,0,,
21634,Basidiomycete,KP,70063,PDA,3,L,1,,,0,,
21634,Basidiomycete,KP,70063,MEA,1,L,1,12,,0,,
21634,Basidiomycete,KP,70063,MEA,1,D,1,30,100,0,,
21634,Basidiomycete,KP,70063,MEA,2,L,1,6,20,0,,
21634,Basidiomycete,KP,70063,MEA,2,D,1,14,100,0,,
21634,Basidiomycete,KP,70063,MEA,3,L,1,6,20,0,,
21634,Basidiomycete,KP,70063,MEA,3,D,1,4,20,0,,
21634,Basidiomycete,KP,70063,WA,1,L,1,13,20,0,,
21634,Basidiomycete,KP,70063,WA,1,D,1,14,100,0,,
21634,Basidiomycete,KP,70063,WA,2,L,1,6,20,0,,
21634,Basidiomycete,KP,70063,WA,2,D,1,,,0,,
21634,Basidiomycete,KP,70063,WA,3,L,1,22,,0,,
21634,Basidiomycete,KP,70063,WA,3,D,1,15,80,0,,
21634,Basidiomycete,KP,70063,CEA,1,L,1,26,100,7,,
21634,Basidiomycete,KP,70063,CEA,1,D,1,12,,7,,
21634,Basidiomycete,KP,70063,CEA,2,L,1,26,100,12,,
21634,Basidiomycete,KP,70063,CEA,2,D,1,14,100,15,,
21634,Basidiomycete,KP,70063,REA,1,L,1,12,,0,,
21634,Basidiomycete,KP,70063,REA,1,D,1,38,100,8,,
21634,Basidiomycete,KP,70063,REA,2,L,1,6,20,8,,
21634,Basidiomycete,KP,70063,REA,2,D,1,36,100,0,,
21634,Basidiomycete,KP,70063,REA,3,L,1,15,100,0,,
21634,Basidiomycete,KP,70063,REA,3,D,1,,,0,,
21634,Basidiomycete,KP,70063,OEA,1,L,1,12,100,0,,
21634,Basidiomycete,KP,70063,OEA,1,D,1,14,100,0,,
21634,Basidiomycete,KP,70063,OEA,2,L,1,13,100,22,,
21634,Basidiomycete,KP,70063,OEA,2,D,1,4,20,0,,
21634,Basidiomycete,KP,70063,OEA,3,L,1,6,50,7,,
21634,Basidiomycete,KP,70063,OEA,3,D,1,28,100,9,,
21634,Basidiomycete,KP,70063,OEA,4,L,1,13,100,0,,
21634,Basidiomycete,EC,25922L,PDA,1,L,1,14,100,9,,
21634,Basidiomycete,EC,25922L,PDA,1,D,1,14,100,0,,
21634,Basidiomycete,EC,25922L,PDA,2,L,1,7,20,0,,
21634,Basidiomycete,EC,25922L,PDA,3,L,1,,,0,,
21634,Basidiomycete,EC,25922L,PDA,4,L,1,,,0,,
21634,Basidiomycete,EC,25922L,PDA,4,D,1,15,75,0,,
21634,Basidiomycete,EC,25922L,MEA,1,L,1,14,,0,,
21634,Basidiomycete,EC,25922L,MEA,1,D,1,30,100,20,,
21634,Basidiomycete,EC,25922L,MEA,2,L,1,6,20,0,,
21634,Basidiomycete,EC,25922L,MEA,2,D,1,14,20,0,,
21634,Basidiomycete,EC,25922L,MEA,3,L,1,6,20,0,,
21634,Basidiomycete,EC,25922L,MEA,3,D,1,4,20,7,,
21634,Basidiomycete,EC,25922L,MEA,4,D,1,7,50,0,,
21634,Basidiomycete,EC,25922L,WA,1,L,1,13,20,0,,
21634,Basidiomycete,EC,25922L,WA,1,D,1,,,0,,
21634,Basidiomycete,EC,25922L,WA,2,L,1,6,20,0,,
21634,Basidiomycete,EC,25922L,WA,2,D,1,15,80,0,,
21634,Basidiomycete,EC,25922L,CEA,1,L,1,14,,0,,
21634,Basidiomycete,EC,25922L,CEA,1,D,1,,,0,,
21634,Basidiomycete,EC,25922L,CEA,2,L,1,26,100,0,,
21634,Basidiomycete,EC,25922L,CEA,2,D,1,,,0,,
21634,Basidiomycete,EC,25922L,CEA,3,L,1,26,100,0,,
21634,Basidiomycete,EC,25922L,CEA,3,D,1,,,0,,
21634,Basidiomycete,EC,25922L,REA,1,L,1,6,20,0,,
21634,Basidiomycete,EC,25922L,REA,1,D,1,38,100,0,,
21634,Basidiomycete,EC,25922L,REA,2,L,1,15,,0,,
21634,Basidiomycete,EC,25922L,REA,2,D,1,14,,0,,
21634,Basidiomycete,EC,25922L,REA,3,L,1,15,,0,,
21634,Basidiomycete,EC,25922L,REA,3,D,1,14,,0,,
21634,Basidiomycete,EC,25922L,REA,4,L,1,15,100,0,,
21634,Basidiomycete,EC,25922L,REA,4,D,1,23,,0,,
21634,Basidiomycete,EC,25922L,OEA,1,L,1,14,,0,,
21634,Basidiomycete,EC,25922L,OEA,1,D,1,,,0,,
21634,Basidiomycete,EC,25922L,OEA,2,L,1,13,100,7,,
21634,Basidiomycete,EC,25922L,OEA,2,D,1,4,20,0,,
21634,Basidiomycete,EC,25922L,OEA,3,L,1,13,100,0,,
21634,Basidiomycete,EC,25922L,OEA,3,D,1,28,100,9,,
16586,Basidiomycete,KP,70063,PDA,1,L,1,15,100,0,,
16586,Basidiomycete,KP,70063,PDA,1,D,1,14,100,0,,
16586,Basidiomycete,KP,70063,PDA,2,L,1,7,20,0,,
16586,Basidiomycete,KP,70063,PDA,2,D,1,28,100,0,,
16586,Basidiomycete,KP,70063,PDA,2,D,2,28,100,0,,
16586,Basidiomycete,KP,70063,PDA,3,L,1,,,0,,
16586,Basidiomycete,KP,70063,PDA,3,D,1,15,80,0,,
16586,Basidiomycete,KP,70063,MEA,1,L,1,15,,0,,
16586,Basidiomycete,KP,70063,MEA,1,D,1,15,,0,,
16586,Basidiomycete,KP,70063,MEA,2,L,1,30,100,0,,
16586,Basidiomycete,KP,70063,MEA,2,D,1,30,100,0,,
16586,Basidiomycete,KP,70063,MEA,3,L,1,,,0,,
16586,Basidiomycete,KP,70063,MEA,3,D,1,35,100,0,,
16586,Basidiomycete,KP,70063,WA,1,L,1,22,,0,,
16586,Basidiomycete,KP,70063,WA,1,D,1,,,0,,
16586,Basidiomycete,KP,70063,WA,2,L,1,36,100,7,,
16586,Basidiomycete,KP,70063,WA,2,D,1,36,100,0,,
16586,Basidiomycete,KP,70063,WA,3,L,1,48,100,0,,
16586,Basidiomycete,KP,70063,WA,3,D,1,29,100,0,,
16586,Basidiomycete,KP,70063,WA,4,L,1,23,100,8,,
16586,Basidiomycete,KP,70063,CEA,1,L,1,22,,13,,
16586,Basidiomycete,KP,70063,CEA,1,D,1,22,,11,,
16586,Basidiomycete,KP,70063,CEA,2,L,1,36,100,0,,
16586,Basidiomycete,KP,70063,CEA,2,D,1,36,100,10,8,
16586,Basidiomycete,KP,70063,CEA,3,D,1,23,,12,7,
16586,Basidiomycete,KP,70063,CEA,4,L,1,21,,12,,
16586,Basidiomycete,KP,70063,CEA,4,D,1,14,20,0,,
16586,Basidiomycete,KP,70063,REA,1,L,1,22,,0,,
16586,Basidiomycete,KP,70063,REA,1,D,1,,,0,,
16586,Basidiomycete,KP,70063,REA,2,L,1,36,100,0,,
16586,Basidiomycete,KP,70063,REA,2,D,1,36,100,7,,
16586,Basidiomycete,KP,70063,REA,3,L,1,48,100,0,,
16586,Basidiomycete,KP,70063,REA,3,D,1,,,0,,
16586,Basidiomycete,KP,70063,REA,4,L,1,15,,0,,
16586,Basidiomycete,KP,70063,REA,4,D,1,37,100,0,,
16586,Basidiomycete,KP,70063,REA,5,D,1,44,100,0,,
16586,Basidiomycete,KP,70063,OEA,1,L,1,,,0,,
16586,Basidiomycete,KP,70063,OEA,1,D,1,16,,0,,
16586,Basidiomycete,KP,70063,OEA,2,L,1,31,100,0,,
16586,Basidiomycete,KP,70063,OEA,2,D,1,14,50,0,,
16586,Basidiomycete,KP,70063,OEA,3,L,1,14,100,9,,
16586,Basidiomycete,KP,70063,OEA,3,D,1,14,50,7,,
16586,Basidiomycete,EC,25922L,PDA,1,L,1,15,100,11,,
16586,Basidiomycete,EC,25922L,PDA,1,D,1,14,100,0,,
16586,Basidiomycete,EC,25922L,PDA,2,L,1,,,0,,
16586,Basidiomycete,EC,25922L,PDA,2,D,1,14,100,8,,
16586,Basidiomycete,EC,25922L,PDA,3,L,1,15,100,0,,
16586,Basidiomycete,EC,25922L,PDA,3,D,1,14,100,0,,
16586,Basidiomycete,EC,25922L,PDA,4,D,1,28,100,0,,
16586,Basidiomycete,EC,25922L,PDA,4,D,2,28,100,0,,
16586,Basidiomycete,EC,25922L,PDA,5,D,1,15,80,0,,
16586,Basidiomycete,EC,25922L,MEA,1,L,1,17,,0,,
16586,Basidiomycete,EC,25922L,MEA,1,D,1,17,,0,,
16586,Basidiomycete,EC,25922L,MEA,2,L,1,30,100,0,,
16586,Basidiomycete,EC,25922L,MEA,2,D,1,30,100,25,,
16586,Basidiomycete,EC,25922L,MEA,3,L,1,,,0,,
16586,Basidiomycete,EC,25922L,MEA,3,D,1,14,,0,,
16586,Basidiomycete,EC,25922L,MEA,4,D,1,14,,0,,
16586,Basidiomycete,EC,25922L,MEA,5,D,1,35,100,0,,
16586,Basidiomycete,EC,25922L,WA,1,L,1,15,,0,,
16586,Basidiomycete,EC,25922L,WA,1,D,1,14,,0,,
16586,Basidiomycete,EC,25922L,WA,2,L,1,48,100,0,,
16586,Basidiomycete,EC,25922L,WA,2,D,1,14,,0,,
16586,Basidiomycete,EC,25922L,WA,3,D,1,23,,0,,
16586,Basidiomycete,EC,25922L,WA,4,D,1,29,100,0,,
16586,Basidiomycete,EC,25922L,CEA,1,L,1,24,,0,,
16586,Basidiomycete,EC,25922L,CEA,1,D,1,24,,0,,
16586,Basidiomycete,EC,25922L,CEA,2,L,1,36,100,0,,
16586,Basidiomycete,EC,25922L,CEA,2,D,1,36,100,0,,
16586,Basidiomycete,EC,25922L,CEA,3,L,1,21,,0,,
16586,Basidiomycete,EC,25922L,CEA,3,D,1,23,,0,,
16586,Basidiomycete,EC,25922L,CEA,4,D,1,14,20,0,,
16586,Basidiomycete,EC,25922L,REA,1,L,1,36,100,0,,
16586,Basidiomycete,EC,25922L,REA,1,D,1,36,100,0,,
16586,Basidiomycete,EC,25922L,REA,2,L,1,15,,0,,
16586,Basidiomycete,EC,25922L,REA,2,D,1,,,0,,
16586,Basidiomycete,EC,25922L,REA,3,L,1,48,100,0,,
16586,Basidiomycete,EC,25922L,REA,3,D,1,14,,0,,
16586,Basidiomycete,EC,25922L,REA,4,L,1,15,,0,,
16586,Basidiomycete,EC,25922L,REA,4,D,1,37,100,0,,
16586,Basidiomycete,EC,25922L,REA,5,D,1,44,100,0,,
16586,Basidiomycete,EC,25922L,OEA,1,L,1,18,,8,,
16586,Basidiomycete,EC,25922L,OEA,1,D,1,,,0,,
16586,Basidiomycete,EC,25922L,OEA,2,L,1,21,100,0,,
16586,Basidiomycete,EC,25922L,OEA,2,D,1,30,30,0,,
16586,Basidiomycete,EC,25922L,OEA,3,L,1,14,100,0,,
16586,Basidiomycete,EC,25922L,OEA,3,D,1,14,50,0,,
20907,Ascomycete,KP,70063,PDA,1,L,1,,,7,,
20907,Ascomycete,KP,70063,PDA,1,D,1,,,7,,
20907,Ascomycete,KP,70063,PDA,2,L,1,,,0,,
20907,Ascomycete,KP,70063,PDA,2,D,1,30,50,0,,
20907,Ascomycete,KP,70063,PDA,3,L,1,15,20,0,,
20907,Ascomycete,KP,70063,PDA,3,D,1,26,50,0,,
20907,Ascomycete,KP,70063,MEA,1,L,1,,,0,,
20907,Ascomycete,KP,70063,MEA,1,D,1,26,,0,,
20907,Ascomycete,KP,70063,MEA,2,L,1,27,,0,,
20907,Ascomycete,KP,70063,MEA,2,D,1,14,20,9,,
20907,Ascomycete,KP,70063,MEA,3,L,1,14,20,0,,
20907,Ascomycete,KP,70063,MEA,3,D,1,,,0,,
20907,Ascomycete,KP,70063,WA,1,L,1,,,0,,
20907,Ascomycete,KP,70063,WA,1,D,1,,,0,,
20907,Ascomycete,KP,70063,WA,2,L,1,36,20,0,,
20907,Ascomycete,KP,70063,WA,2,D,1,36,50,6,,
20907,Ascomycete,KP,70063,WA,3,L,1,14,20,0,,
20907,Ascomycete,KP,70063,WA,3,D,1,,,0,,
20907,Ascomycete,KP,70063,WA,4,L,1,30,50,0,,
20907,Ascomycete,KP,70063,WA,4,L,2,30,50,0,,
20907,Ascomycete,KP,70063,CEA,1,L,1,22,20,13,,
20907,Ascomycete,KP,70063,CEA,1,D,1,,,7,,
20907,Ascomycete,KP,70063,CEA,2,L,1,36,20,13,12,
20907,Ascomycete,KP,70063,CEA,2,D,1,,,0,12,
20907,Ascomycete,KP,70063,CEA,3,L,1,30,20,15,15,
20907,Ascomycete,KP,70063,CEA,3,L,1,30,20,15,15,
20907,Ascomycete,KP,70063,CEA,3,D,1,40,,20,,
20907,Ascomycete,KP,70063,CEA,4,D,1,26,20,19,,
20907,Ascomycete,KP,70063,CEA,5,D,1,14,20,0,,
20907,Ascomycete,KP,70063,REA,1,L,1,22,,7,,
20907,Ascomycete,KP,70063,REA,1,D,1,16,,7,,
20907,Ascomycete,KP,70063,REA,2,L,1,16,20,0,,
20907,Ascomycete,KP,70063,REA,2,D,1,36,50,0,,
20907,Ascomycete,KP,70063,REA,3,L,1,23,20,0,,
20907,Ascomycete,KP,70063,REA,3,D,1,21,50,0,,
20907,Ascomycete,KP,70063,REA,4,L,1,30,50,0,,
20907,Ascomycete,KP,70063,REA,4,L,2,30,50,0,,
20907,Ascomycete,KP,70063,REA,4,D,1,14,20,0,,
20907,Ascomycete,KP,70063,REA,5,L,1,30,50,10,,
20907,Ascomycete,KP,70063,OEA,1,L,1,22,20,7,,
20907,Ascomycete,KP,70063,OEA,1,D,1,,,7,,
20907,Ascomycete,KP,70063,OEA,2,L,1,,,7,,
20907,Ascomycete,KP,70063,OEA,2,D,1,14,20,0,,
20907,Ascomycete,KP,70063,OEA,3,L,1,23,20,0,,
20907,Ascomycete,EC,25922L,PDA,1,L,1,14,,9,,
20907,Ascomycete,EC,25922L,PDA,1,D,1,17,,9,,
20907,Ascomycete,EC,25922L,PDA,2,L,1,,,0,,
20907,Ascomycete,EC,25922L,PDA,2,D,1,30,50,14,,
20907,Ascomycete,EC,25922L,PDA,3,L,1,23,,7,,
20907,Ascomycete,EC,25922L,PDA,3,D,1,26,50,11,,
20907,Ascomycete,EC,25922L,MEA,1,L,1,16,20,6,,
20907,Ascomycete,EC,25922L,MEA,1,D,1,20,,0,,
20907,Ascomycete,EC,25922L,MEA,2,L,1,27,,0,,
20907,Ascomycete,EC,25922L,MEA,2,D,1,26,,0,,
20907,Ascomycete,EC,25922L,MEA,3,L,1,14,20,0,,
20907,Ascomycete,EC,25922L,MEA,3,D,1,14,20,0,,
20907,Ascomycete,EC,25922L,WA,1,L,1,15,20,0,,
20907,Ascomycete,EC,25922L,WA,1,D,1,,,0,,
20907,Ascomycete,EC,25922L,WA,2,L,1,15,20,0,,
20907,Ascomycete,EC,25922L,WA,2,D,1,26,,0,,
20907,Ascomycete,EC,25922L,WA,3,L,1,14,20,0,,
20907,Ascomycete,EC,25922L,WA,3,D,1,14,20,0,,
20907,Ascomycete,EC,25922L,WA,4,L,1,30,50,0,,
20907,Ascomycete,EC,25922L,WA,4,L,1,30,50,0,,
20907,Ascomycete,EC,25922L,WA,4,D,1,14,20,0,,
20907,Ascomycete,EC,25922L,CEA,1,L,1,24,20,0,,
20907,Ascomycete,EC,25922L,CEA,1,D,1,24,20,0,,
20907,Ascomycete,EC,25922L,CEA,2,L,1,36,20,0,,
20907,Ascomycete,EC,25922L,CEA,2,D,1,,,0,,
20907,Ascomycete,EC,25922L,CEA,3,L,1,30,20,0,,
20907,Ascomycete,EC,25922L,CEA,3,L,1,30,20,0,,
20907,Ascomycete,EC,25922L,CEA,3,D,1,,,0,,
20907,Ascomycete,EC,25922L,CEA,4,D,1,14,20,0,,
20907,Ascomycete,EC,25922L,REA,1,L,1,16,20,0,,
20907,Ascomycete,EC,25922L,REA,1,D,1,36,50,0,,
20907,Ascomycete,EC,25922L,REA,2,L,1,23,20,0,,
20907,Ascomycete,EC,25922L,REA,2,D,1,26,20,0,,
20907,Ascomycete,EC,25922L,REA,3,L,1,30,50,0,,
20907,Ascomycete,EC,25922L,REA,3,D,1,21,20,0,,
20907,Ascomycete,EC,25922L,REA,4,L,1,30,50,0,,
20907,Ascomycete,EC,25922L,REA,4,D,1,14,20,0,,
20907,Ascomycete,EC,25922L,OEA,1,L,1,24,20,8,,
20907,Ascomycete,EC,25922L,OEA,1,D,1,24,20,0,,
20907,Ascomycete,EC,25922L,OEA,2,L,1,,,8,,
20907,Ascomycete,EC,25922L,OEA,2,D,1,14,20,8,,
20907,Ascomycete,EC,25922L,OEA,3,L,1,15,20,7,,
20907,Ascomycete,EC,25922L,OEA,4,L,1,15,20,7,,
20907,Ascomycete,EC,25922L,OEA,5,L,1,14,20,0,,
20907,Ascomycete,EC,25922L,OEA,5,L,2,14,20,0,,
20907,Ascomycete,EC,25922L,OEA,5,L,3,14,20,0,,
20907,Ascomycete,EC,25922L,OEA,6,L,1,14,20,0,,
20907,Ascomycete,EC,25922L,OEA,6,L,2,14,20,0,,
20907,Ascomycete,EC,25922L,OEA,6,L,3,14,20,0,,
20907,Ascomycete,EC,25922L,OEA,7,L,1,23,20,0,,
16865,Ascomycete,KP,70063,PDA,1,L,1,15,20,12,,
16865,Ascomycete,KP,70063,PDA,1,D,1,15,20,12,,
16865,Ascomycete,KP,70063,PDA,2,L,1,23,20,14,,
16865,Ascomycete,KP,70063,PDA,2,D,1,23,20,14,,
16865,Ascomycete,KP,70063,PDA,3,L,1,,,15,,
16865,Ascomycete,KP,70063,PDA,4,L,1,12,20,11,,
16865,Ascomycete,KP,70063,PDA,4,L,2,12,20,11,,
16865,Ascomycete,KP,70063,PDA,5,L,1,12,20,8,,
16865,Ascomycete,KP,70063,PDA,5,L,2,12,20,9,,
16865,Ascomycete,KP,70063,MEA,1,L,1,15,13,20,,
16865,Ascomycete,KP,70063,MEA,1,D,1,15,14,20,,
16865,Ascomycete,KP,70063,MEA,2,L,1,15,0,20,,
16865,Ascomycete,KP,70063,WA,1,L,1,23,20,8,,
16865,Ascomycete,KP,70063,WA,1,D,1,15,20,8,,
16865,Ascomycete,KP,70063,WA,2,L,1,,,0,,
16865,Ascomycete,KP,70063,WA,2,D,1,28,,0,,
16865,Ascomycete,KP,70063,CEA,1,L,1,28,,21,,
16865,Ascomycete,KP,70063,CEA,1,D,1,24,20,12,,
16865,Ascomycete,KP,70063,REA,1,L,1,,,0,,
16865,Ascomycete,KP,70063,REA,1,D,1,15,20,7,,
16865,Ascomycete,KP,70063,REA,2,L,1,23,50,0,,
16865,Ascomycete,KP,70063,REA,2,D,1,,,0,,
16865,Ascomycete,KP,70063,OEA,1,L,1,15,20,0,,
16865,Ascomycete,KP,70063,OEA,1,D,1,15,20,0,,
16865,Ascomycete,EC,25922L,PDA,1,L,1,,,19,,
16865,Ascomycete,EC,25922L,PDA,1,D,1,23,20,10,,
16865,Ascomycete,EC,25922L,PDA,2,L,1,23,20,18,,
16865,Ascomycete,EC,25922L,PDA,2,D,1,15,20,19,,
16865,Ascomycete,EC,25922L,PDA,3,L,1,15,20,15,,
16865,Ascomycete,EC,25922L,PDA,4,L,1,13,20,13,,
16865,Ascomycete,EC,25922L,PDA,5,D,1,13,20,18,,
16865,Ascomycete,EC,25922L,PDA,4,L,2,13,20,6,,
16865,Ascomycete,EC,25922L,PDA,5,D,2,13,20,16,,
16865,Ascomycete,EC,25922L,MEA,1,L,1,15,,0,,
16865,Ascomycete,EC,25922L,MEA,1,D,1,,,0,,
16865,Ascomycete,EC,25922L,WA,1,L,1,23,20,0,,
16865,Ascomycete,EC,25922L,WA,1,D,1,15,20,0,,
16865,Ascomycete,EC,25922L,WA,2,L,1,,,0,,
16865,Ascomycete,EC,25922L,WA,2,D,1,28,,0,,
16865,Ascomycete,EC,25922L,WA,3,L,1,,,0,,
16865,Ascomycete,EC,25922L,CEA,1,L,1,28,,0,,
16865,Ascomycete,EC,25922L,REA,1,L,1,,,0,,
16865,Ascomycete,EC,25922L,REA,1,D,1,15,20,7,,
16865,Ascomycete,EC,25922L,REA,2,L,1,23,50,0,,
16865,Ascomycete,EC,25922L,REA,2,D,1,,,0,,
16865,Ascomycete,EC,25922L,OEA,1,L,1,15,20,8,,
16865,Ascomycete,EC,25922L,OEA,1,D,1,12,20,8,,
16865,Ascomycete,EC,25922L,OEA,2,D,1,23,,8,,
16276,Basidiomycete,KP,70063,PDA,1,L,1,36,20,0,,
16276,Basidiomycete,KP,70063,PDA,1,D,1,26,20,0,,
16276,Basidiomycete,KP,70063,PDA,2,L,1,,,0,,
16276,Basidiomycete,KP,70063,PDA,3,L,1,27,,0,,
16276,Basidiomycete,KP,70063,MEA,1,L,1,36,20,0,,
16276,Basidiomycete,KP,70063,MEA,1,D,1,26,20,7,,
16276,Basidiomycete,KP,70063,MEA,2,D,1,26,,0,,
16276,Basidiomycete,KP,70063,MEA,3,D,1,71,,0,,
16276,Basidiomycete,KP,70063,CEA,1,D,1,71,,16,7,
16276,Basidiomycete,KP,70063,REA,1,L,1,36,20,0,,
16276,Basidiomycete,KP,70063,REA,1,D,1,26,20,0,,
16276,Basidiomycete,KP,70063,OEA,1,L,1,26,20,0,,
16276,Basidiomycete,EC,25922L,PDA,1,L,1,36,20,9,,
16276,Basidiomycete,EC,25922L,PDA,1,D,1,26,20,12,,
16276,Basidiomycete,EC,25922L,PDA,2,L,1,27,20,9,,
16276,Basidiomycete,EC,25922L,MEA,1,L,1,71,,0,,
16276,Basidiomycete,EC,25922L,MEA,2,L,1,27,20,0,,
16276,Basidiomycete,EC,25922L,MEA,3,L,1,,,0,,
16276,Basidiomycete,EC,25922L,MEA,4,L,1,15,20,0,,
16276,Basidiomycete,EC,25922L,WA,1,L,1,36,20,0,,
16276,Basidiomycete,EC,25922L,WA,1,D,1,26,20,0,,
16276,Basidiomycete,EC,25922L,WA,2,D,1,71,,0,,
16276,Basidiomycete,EC,25922L,REA,1,L,1,36,20,0,,
16276,Basidiomycete,EC,25922L,REA,1,D,1,26,20,0,,
16276,Basidiomycete,EC,25922L,REA,2,D,1,71,50,0,,
16276,Basidiomycete,EC,25922L,REA,3,D,1,26,20,0,,
16276,Basidiomycete,EC,25922L,OEA,1,L,1,26,20,0,,
16276,Basidiomycete,EC,25922L,OEA,1,D,1,,,0,,
16276,Basidiomycete,EC,25922L,OEA,2,D,1,26,20,0,,
16491,Basidiomycete,KP,70063,PDA,1,L,1,6,20,0,,
16491,Basidiomycete,KP,70063,PDA,1,D,1,16,100,0,,
16491,Basidiomycete,KP,70063,PDA,2,L,1,14,80,0,,
16491,Basidiomycete,KP,70063,PDA,2,D,1,12,,0,,
16491,Basidiomycete,KP,70063,PDA,3,L,1,13,,0,,
16491,Basidiomycete,KP,70063,PDA,3,D,1,13,,0,,
16491,Basidiomycete,KP,70063,PDA,4,L,1,7,20,0,,
16491,Basidiomycete,KP,70063,PDA,4,D,1,14,80,0,,
16491,Basidiomycete,KP,70063,MEA,1,L,1,,,6,,
16491,Basidiomycete,KP,70063,MEA,1,D,1,13,20,0,,
16491,Basidiomycete,KP,70063,MEA,2,L,1,14,20,0,,
16491,Basidiomycete,KP,70063,MEA,2,D,1,13,20,0,,
16491,Basidiomycete,KP,70063,MEA,3,L,1,15,20,0,,
16491,Basidiomycete,KP,70063,WA,1,L,1,28,,0,,
16491,Basidiomycete,KP,70063,WA,1,D,1,23,,0,,
16491,Basidiomycete,KP,70063,WA,2,L,1,28,100,0,,
16491,Basidiomycete,KP,70063,WA,2,D,1,13,50,0,,
16491,Basidiomycete,KP,70063,WA,3,L,1,28,100,0,,
16491,Basidiomycete,KP,70063,WA,3,D,1,13,50,0,,
16491,Basidiomycete,KP,70063,WA,4,L,1,23,20,0,,
16491,Basidiomycete,KP,70063,CEA,1,L,1,42,20,0,,
16491,Basidiomycete,KP,70063,CEA,1,D,1,23,20,16,7,
16491,Basidiomycete,KP,70063,CEA,2,L,1,28,20,0,,
16491,Basidiomycete,KP,70063,CEA,2,D,1,37,20,0,,
16491,Basidiomycete,KP,70063,CEA,3,L,1,35,20,14,,
16491,Basidiomycete,KP,70063,CEA,3,D,1,18,,8,,
16491,Basidiomycete,KP,70063,CEA,4,L,1,18,,11,,
16491,Basidiomycete,KP,70063,CEA,5,L,1,23,20,0,,
16491,Basidiomycete,KP,70063,REA,1,L,1,14,50,0,,
16491,Basidiomycete,KP,70063,REA,1,D,1,,,0,,
16491,Basidiomycete,KP,70063,REA,2,L,1,21,100,0,,
16491,Basidiomycete,KP,70063,REA,2,D,1,13,50,0,,
16491,Basidiomycete,KP,70063,REA,3,L,1,35,100,0,,
16491,Basidiomycete,KP,70063,REA,3,D,1,23,,9,,
16491,Basidiomycete,KP,70063,REA,4,L,1,21,,0,,
16491,Basidiomycete,KP,70063,REA,4,D,1,,,0,,
16491,Basidiomycete,KP,70063,REA,5,L,1,14,50,0,,
16491,Basidiomycete,KP,70063,REA,5,D,1,7,20,0,,
16491,Basidiomycete,KP,70063,REA,6,L,1,23,75,0,,
16491,Basidiomycete,KP,70063,OEA,1,L,1,12,20,7,,
16491,Basidiomycete,KP,70063,OEA,1,D,1,16,50,0,,
16491,Basidiomycete,KP,70063,OEA,2,L,1,14,50,0,,
16491,Basidiomycete,KP,70063,OEA,2,D,1,,,7,,
16491,Basidiomycete,KP,70063,OEA,3,L,1,15,50,0,,
16491,Basidiomycete,KP,70063,OEA,3,D,1,13,50,0,,
16491,Basidiomycete,KP,70063,OEA,4,L,1,23,100,0,,
16491,Basidiomycete,KP,70063,OEA,4,D,1,27,100,0,,
16491,Basidiomycete,KP,70063,OEA,5,D,1,27,100,0,,
16491,Basidiomycete,KP,70063,OEA,6,D,1,37,100,0,,
16491,Basidiomycete,EC,25922L,PDA,1,L,1,6,20,6,,
16491,Basidiomycete,EC,25922L,PDA,1,D,1,16,100,0,,
16491,Basidiomycete,EC,25922L,PDA,2,L,1,14,100,0,,
16491,Basidiomycete,EC,25922L,PDA,2,D,1,12,,0,,
16491,Basidiomycete,EC,25922L,PDA,3,L,1,13,,0,,
16491,Basidiomycete,EC,25922L,PDA,3,D,1,,,9,,
16491,Basidiomycete,EC,25922L,PDA,4,L,1,7,20,7,,
16491,Basidiomycete,EC,25922L,PDA,4,D,1,14,80,14,,
16491,Basidiomycete,EC,25922L,MEA,1,L,1,,,0,,
16491,Basidiomycete,EC,25922L,MEA,1,D,1,13,20,0,,
16491,Basidiomycete,EC,25922L,MEA,2,L,1,14,20,0,,
16491,Basidiomycete,EC,25922L,MEA,2,D,1,13,20,0,,
16491,Basidiomycete,EC,25922L,MEA,3,L,1,15,20,0,,
16491,Basidiomycete,EC,25922L,WA,1,L,1,28,100,0,,
16491,Basidiomycete,EC,25922L,WA,1,D,1,23,,0,,
16491,Basidiomycete,EC,25922L,WA,2,L,1,28,100,0,,
16491,Basidiomycete,EC,25922L,WA,2,D,1,28,,0,,
16491,Basidiomycete,EC,25922L,WA,3,D,1,13,50,0,,
16491,Basidiomycete,EC,25922L,WA,4,D,1,13,50,9,,
16491,Basidiomycete,EC,25922L,CEA,1,L,1,42,20,0,,
16491,Basidiomycete,EC,25922L,CEA,1,D,1,23,20,0,,
16491,Basidiomycete,EC,25922L,CEA,2,L,1,28,20,0,,
16491,Basidiomycete,EC,25922L,CEA,2,D,1,37,20,0,,
16491,Basidiomycete,EC,25922L,CEA,3,L,1,35,20,0,10,
16491,Basidiomycete,EC,25922L,CEA,3,D,1,18,20,0,,
16491,Basidiomycete,EC,25922L,CEA,4,L,1,18,20,0,,
16491,Basidiomycete,EC,25922L,REA,1,L,1,14,,0,,
16491,Basidiomycete,EC,25922L,REA,1,D,1,,,0,,
16491,Basidiomycete,EC,25922L,REA,2,L,1,35,100,0,,
16491,Basidiomycete,EC,25922L,REA,2,D,1,23,,0,,
16491,Basidiomycete,EC,25922L,REA,3,L,1,21,100,0,,
16491,Basidiomycete,EC,25922L,REA,3,D,1,23,,0,,
16491,Basidiomycete,EC,25922L,REA,4,L,1,14,50,0,,
16491,Basidiomycete,EC,25922L,REA,4,D,1,13,,0,,
16491,Basidiomycete,EC,25922L,REA,5,D,1,7,20,0,,
16491,Basidiomycete,EC,25922L,OEA,1,L,1,13,,0,,
16491,Basidiomycete,EC,25922L,OEA,1,D,1,14,,0,,
16491,Basidiomycete,EC,25922L,OEA,2,L,1,,,0,,
16491,Basidiomycete,EC,25922L,OEA,2,D,1,9,20,0,,
16491,Basidiomycete,EC,25922L,OEA,3,L,1,15,50,0,,
16491,Basidiomycete,EC,25922L,OEA,3,D,1,27,100,0,,
16491,Basidiomycete,EC,25922L,OEA,4,L,1,23,100,0,,
16491,Basidiomycete,EC,25922L,OEA,4,D,1,27,100,0,,
16491,Basidiomycete,EC,25922L,OEA,5,D,1,37,100,0,,
16699,Basidiomycete,KP,70063,PDA,1,L,1,12,20,0,,
16699,Basidiomycete,KP,70063,PDA,1,D,1,14,50,0,,
16699,Basidiomycete,KP,70063,PDA,2,L,1,9,20,0,,
16699,Basidiomycete,KP,70063,PDA,2,D,1,,,0,,
16699,Basidiomycete,KP,70063,PDA,3,L,1,7,20,0,,
16699,Basidiomycete,KP,70063,PDA,3,D,1,,,0,,
16699,Basidiomycete,KP,70063,PDA,4,L,1,15,100,0,,
16699,Basidiomycete,KP,70063,PDA,4,D,1,14,100,0,,
16699,Basidiomycete,KP,70063,PDA,5,L,1,14,50,0,,
16699,Basidiomycete,KP,70063,PDA,5,D,1,14,20,0,,
16699,Basidiomycete,KP,70063,MEA,1,L,1,15,20,0,,
16699,Basidiomycete,KP,70063,MEA,1,D,1,21,100,0,,
16699,Basidiomycete,KP,70063,MEA,2,L,1,15,20,0,,
16699,Basidiomycete,KP,70063,MEA,2,D,1,28,20,0,,
16699,Basidiomycete,KP,70063,MEA,3,L,1,15,20,0,,
16699,Basidiomycete,KP,70063,MEA,3,D,1,28,20,0,,
16699,Basidiomycete,KP,70063,MEA,4,D,1,27,20,0,,
16699,Basidiomycete,KP,70063,MEA,5,D,1,27,20,0,,
16699,Basidiomycete,KP,70063,WA,1,L,1,20,50,0,,
16699,Basidiomycete,KP,70063,WA,1,D,1,21,50,0,,
16699,Basidiomycete,KP,70063,WA,2,L,1,21,50,0,,
16699,Basidiomycete,KP,70063,WA,2,D,1,49,,0,,
16699,Basidiomycete,KP,70063,WA,3,D,1,23,50,0,,
16699,Basidiomycete,KP,70063,WA,4,D,1,13,20,0,,
16699,Basidiomycete,KP,70063,CEA,1,L,1,,,0,,
16699,Basidiomycete,KP,70063,CEA,1,D,1,14,20,0,,
16699,Basidiomycete,KP,70063,CEA,2,L,1,14,20,0,,
16699,Basidiomycete,KP,70063,CEA,3,L,1,14,20,0,,
16699,Basidiomycete,KP,70063,REA,1,L,1,12,20,0,,
16699,Basidiomycete,KP,70063,REA,1,D,1,12,20,0,,
16699,Basidiomycete,KP,70063,REA,2,L,1,,,0,,
16699,Basidiomycete,KP,70063,REA,2,D,1,13,20,0,,
16699,Basidiomycete,KP,70063,REA,3,L,1,14,20,0,,
16699,Basidiomycete,KP,70063,REA,3,D,1,14,20,0,,
16699,Basidiomycete,KP,70063,REA,4,L,1,14,20,0,,
16699,Basidiomycete,KP,70063,OEA,1,L,1,12,20,0,,
16699,Basidiomycete,KP,70063,OEA,1,D,1,12,20,0,,
16699,Basidiomycete,KP,70063,OEA,2,L,1,,,0,,
16699,Basidiomycete,KP,70063,OEA,2,D,1,9,20,0,,
16699,Basidiomycete,KP,70063,OEA,3,L,1,,,0,,
16699,Basidiomycete,KP,70063,OEA,3,D,1,,,0,,
16699,Basidiomycete,EC,25922L,PDA,1,L,1,12,20,9,,
16699,Basidiomycete,EC,25922L,PDA,1,D,1,14,50,0,,
16699,Basidiomycete,EC,25922L,PDA,2,L,1,9,20,7,,
16699,Basidiomycete,EC,25922L,PDA,2,D,1,,,8,,
16699,Basidiomycete,EC,25922L,PDA,3,L,1,7,20,0,,
16699,Basidiomycete,EC,25922L,PDA,3,D,1,,,0,,
16699,Basidiomycete,EC,25922L,PDA,4,L,1,28,,8,,
16699,Basidiomycete,EC,25922L,PDA,4,D,1,13,,13,,
16699,Basidiomycete,EC,25922L,PDA,5,L,1,15,100,0,,
16699,Basidiomycete,EC,25922L,PDA,5,D,1,14,100,0,,
16699,Basidiomycete,EC,25922L,PDA,5,L,1,14,50,8,,
16699,Basidiomycete,EC,25922L,PDA,6,D,1,14,20,8,,
16699,Basidiomycete,EC,25922L,MEA,1,L,1,15,20,12,,
16699,Basidiomycete,EC,25922L,MEA,1,D,1,21,20,8,,
16699,Basidiomycete,EC,25922L,MEA,2,L,1,15,20,0,,
16699,Basidiomycete,EC,25922L,MEA,2,D,1,28,20,0,,
16699,Basidiomycete,EC,25922L,MEA,3,L,1,15,20,0,,
16699,Basidiomycete,EC,25922L,MEA,3,D,1,28,20,0,,
16699,Basidiomycete,EC,25922L,MEA,4,D,1,27,20,0,,
16699,Basidiomycete,EC,25922L,MEA,5,D,1,27,20,0,,
16699,Basidiomycete,EC,25922L,WA,1,L,1,20,20,0,,
16699,Basidiomycete,EC,25922L,WA,1,D,1,47,,0,,
16699,Basidiomycete,EC,25922L,WA,2,L,1,14,,0,,
16699,Basidiomycete,EC,25922L,WA,2,D,1,23,20,0,,
16699,Basidiomycete,EC,25922L,WA,3,D,1,13,,0,,
16699,Basidiomycete,EC,25922L,CEA,1,L,1,,,0,,
16699,Basidiomycete,EC,25922L,CEA,1,D,1,14,20,0,,
16699,Basidiomycete,EC,25922L,CEA,2,L,1,14,20,0,,
16699,Basidiomycete,EC,25922L,CEA,3,L,1,14,20,0,,
16699,Basidiomycete,EC,25922L,REA,1,L,1,12,20,0,,
16699,Basidiomycete,EC,25922L,REA,1,D,1,12,20,7,,
16699,Basidiomycete,EC,25922L,REA,2,L,1,,,0,,
16699,Basidiomycete,EC,25922L,REA,2,D,1,,,0,,
16699,Basidiomycete,EC,25922L,REA,3,L,1,14,20,0,,
16699,Basidiomycete,EC,25922L,REA,3,D,1,23,,0,,
16699,Basidiomycete,EC,25922L,REA,4,L,1,14,20,0,,
16699,Basidiomycete,EC,25922L,REA,4,D,1,13,20,0,,
16699,Basidiomycete,EC,25922L,REA,5,D,1,14,20,0,,
16699,Basidiomycete,EC,25922L,OEA,1,L,1,12,20,0,,
16699,Basidiomycete,EC,25922L,OEA,1,D,1,12,20,0,,
16699,Basidiomycete,EC,25922L,OEA,2,L,1,,,0,,
16699,Basidiomycete,EC,25922L,OEA,2,D,1,,,0,,
16699,Basidiomycete,EC,25922L,OEA,3,L,1,,,0,,
16699,Basidiomycete,EC,25922L,OEA,3,D,1,,,0,,
16492,Basidiomycete,KP,70063,PDA,1,L,1,13,50,0,,
16492,Basidiomycete,KP,70063,PDA,1,D,1,13,50,0,,
16492,Basidiomycete,KP,70063,PDA,2,L,1,6,20,0,,
16492,Basidiomycete,KP,70063,PDA,2,D,1,14,100,0,,
16492,Basidiomycete,KP,70063,PDA,3,L,1,29,80,0,,
16492,Basidiomycete,KP,70063,PDA,3,L,2,7,20,0,,
16492,Basidiomycete,KP,70063,PDA,3,D,1,15,80,0,,
16492,Basidiomycete,KP,70063,MEA,1,L,1,15,20,0,,
16492,Basidiomycete,KP,70063,MEA,1,D,1,17,20,0,,
16492,Basidiomycete,KP,70063,MEA,2,L,1,29,50,0,,
16492,Basidiomycete,KP,70063,MEA,2,D,1,,,0,,
16492,Basidiomycete,KP,70063,MEA,3,L,1,36,50,0,,
16492,Basidiomycete,KP,70063,MEA,4,L,1,15,20,0,,
16492,Basidiomycete,KP,70063,MEA,5,L,1,29,50,0,,
16492,Basidiomycete,KP,70063,MEA,5,L,1,,,0,,
16492,Basidiomycete,KP,70063,WA,1,L,1,,,0,,
16492,Basidiomycete,KP,70063,WA,1,D,1,,,0,,
16492,Basidiomycete,KP,70063,WA,2,L,1,22,100,0,,
16492,Basidiomycete,KP,70063,WA,2,D,1,33,100,0,,
16492,Basidiomycete,KP,70063,WA,3,L,1,34,100,0,,
16492,Basidiomycete,KP,70063,WA,3,D,1,28,100,0,,
16492,Basidiomycete,KP,70063,WA,4,L,1,21,100,0,,
16492,Basidiomycete,KP,70063,WA,4,D,1,14,50,0,,
16492,Basidiomycete,KP,70063,WA,5,L,1,15,50,0,,
16492,Basidiomycete,KP,70063,WA,5,D,1,14,20,0,,
16492,Basidiomycete,KP,70063,CEA,1,L,1,,,0,,
16492,Basidiomycete,KP,70063,CEA,1,D,1,40,,18,7,
16492,Basidiomycete,KP,70063,CEA,2,L,1,14,20,0,,
16492,Basidiomycete,KP,70063,CEA,2,D,1,14,20,0,,
16492,Basidiomycete,KP,70063,CEA,3,L,1,14,20,0,,
16492,Basidiomycete,KP,70063,REA,1,L,1,6,20,7,,
16492,Basidiomycete,KP,70063,REA,1,D,1,5,20,8,,
16492,Basidiomycete,KP,70063,REA,2,L,1,,,8,,
16492,Basidiomycete,KP,70063,REA,2,D,1,24,100,0,,
16492,Basidiomycete,KP,70063,REA,3,L,1,15,20,0,,
16492,Basidiomycete,KP,70063,REA,3,D,1,,,8,,
16492,Basidiomycete,KP,70063,REA,4,L,1,10,20,0,,
16492,Basidiomycete,KP,70063,REA,4,L,2,10,20,0,,
16492,Basidiomycete,KP,70063,REA,4,D,1,7,20,0,,
16492,Basidiomycete,KP,70063,REA,5,L,1,14,20,0,,
16492,Basidiomycete,KP,70063,OEA,1,L,1,15,20,0,,
16492,Basidiomycete,KP,70063,OEA,1,D,1,10,20,0,,
16492,Basidiomycete,KP,70063,OEA,2,L,1,,,0,,
16492,Basidiomycete,KP,70063,OEA,2,D,1,,,0,,
16492,Basidiomycete,KP,70063,OEA,3,L,1,22,100,0,,
16492,Basidiomycete,KP,70063,OEA,3,D,1,27,100,7,,
16492,Basidiomycete,EC,25922L,PDA,1,L,1,,,8,,
16492,Basidiomycete,EC,25922L,PDA,1,D,1,14,100,0,,
16492,Basidiomycete,EC,25922L,PDA,2,L,1,6,20,0,,
16492,Basidiomycete,EC,25922L,PDA,2,D,1,7,20,0,,
16492,Basidiomycete,EC,25922L,PDA,3,L,1,15,,7,,
16492,Basidiomycete,EC,25922L,PDA,4,L,1,29,80,0,,
16492,Basidiomycete,EC,25922L,PDA,4,L,1,29,80,,,
16492,Basidiomycete,EC,25922L,PDA,4,D,1,,,0,,
16492,Basidiomycete,EC,25922L,PDA,5,L,1,15,80,0,,
16492,Basidiomycete,EC,25922L,MEA,1,L,1,29,50,15,,
16492,Basidiomycete,EC,25922L,MEA,1,D,1,17,20,0,,
16492,Basidiomycete,EC,25922L,MEA,2,L,1,29,50,0,,
16492,Basidiomycete,EC,25922L,MEA,2,L,1,29,50,0,,
16492,Basidiomycete,EC,25922L,MEA,3,L,1,36,50,0,,
16492,Basidiomycete,EC,25922L,MEA,4,L,1,34,50,0,,
16492,Basidiomycete,EC,25922L,WA,1,L,1,,,15,,
16492,Basidiomycete,EC,25922L,WA,1,D,1,,,0,,
16492,Basidiomycete,EC,25922L,WA,2,L,1,21,100,0,,
16492,Basidiomycete,EC,25922L,WA,2,D,1,15,50,0,,
16492,Basidiomycete,EC,25922L,WA,3,L,1,15,50,0,,
16492,Basidiomycete,EC,25922L,WA,3,D,1,28,100,0,,
16492,Basidiomycete,EC,25922L,WA,4,D,1,14,50,0,,
16492,Basidiomycete,EC,25922L,WA,5,D,1,14,50,0,,
16492,Basidiomycete,EC,25922L,CEA,1,D,1,40,,0,,
16492,Basidiomycete,EC,25922L,CEA,2,L,1,14,20,0,,
16492,Basidiomycete,EC,25922L,CEA,2,D,1,14,20,0,,
16492,Basidiomycete,EC,25922L,CEA,3,L,1,14,20,0,,
16492,Basidiomycete,EC,25922L,REA,1,L,1,6,20,0,,
16492,Basidiomycete,EC,25922L,REA,1,D,1,5,20,0,,
16492,Basidiomycete,EC,25922L,REA,2,L,1,,,0,,
16492,Basidiomycete,EC,25922L,REA,2,D,1,24,100,0,,
16492,Basidiomycete,EC,25922L,REA,3,L,1,15,50,0,,
16492,Basidiomycete,EC,25922L,REA,3,D,1,,,0,,
16492,Basidiomycete,EC,25922L,REA,4,L,1,10,20,0,,
16492,Basidiomycete,EC,25922L,REA,4,L,2,10,20,0,,
16492,Basidiomycete,EC,25922L,REA,4,D,1,7,20,0,,
16492,Basidiomycete,EC,25922L,OEA,1,L,1,15,20,0,,
16492,Basidiomycete,EC,25922L,OEA,1,D,1,,,0,,
16492,Basidiomycete,EC,25922L,OEA,2,L,1,,,0,,
16492,Basidiomycete,EC,25922L,OEA,2,D,1,27,100,0,,
16492,Basidiomycete,EC,25922L,OEA,3,L,1,22,100,0,,
16703,Basidiomycete,KP,70063,PDA,1,L,1,13,20,0,,
16703,Basidiomycete,KP,70063,PDA,1,D,1,10,20,0,,
16703,Basidiomycete,KP,70063,PDA,2,L,1,19,50,0,,
16703,Basidiomycete,KP,70063,PDA,2,D,1,,,0,,
16703,Basidiomycete,KP,70063,PDA,3,L,1,15,80,0,,
16703,Basidiomycete,KP,70063,PDA,3,D,1,37,100,0,,
16703,Basidiomycete,KP,70063,PDA,3,D,2,37,100,0,,
16703,Basidiomycete,KP,70063,MEA,1,L,1,13,20,0,,
16703,Basidiomycete,KP,70063,MEA,1,D,1,13,20,0,,
16703,Basidiomycete,KP,70063,MEA,2,L,1,,,0,,
16703,Basidiomycete,KP,70063,MEA,2,D,1,14,20,0,,
16703,Basidiomycete,KP,70063,MEA,3,L,1,,,0,,
16703,Basidiomycete,KP,70063,MEA,3,D,1,14,20,0,,
16703,Basidiomycete,KP,70063,MEA,4,D,1,10,20,0,,
16703,Basidiomycete,KP,70063,WA,1,L,1,16,20,7,,
16703,Basidiomycete,KP,70063,WA,1,D,1,,,0,,
16703,Basidiomycete,KP,70063,WA,2,L,1,14,20,7,,
16703,Basidiomycete,KP,70063,WA,2,D,1,23,,0,,
16703,Basidiomycete,KP,70063,WA,3,D,1,13,20,0,,
16703,Basidiomycete,KP,70063,WA,4,D,1,13,20,0,,
16703,Basidiomycete,KP,70063,WA,5,D,1,13,20,0,,
16703,Basidiomycete,KP,70063,CEA,1,L,1,15,20,0,,
16703,Basidiomycete,KP,70063,CEA,1,D,1,23,,15,7,
16703,Basidiomycete,KP,70063,CEA,2,L,1,14,20,19,7,
16703,Basidiomycete,KP,70063,CEA,2,D,1,13,20,15,7,
16703,Basidiomycete,KP,70063,CEA,3,L,1,14,20,17,7,
16703,Basidiomycete,KP,70063,CEA,4,L,1,28,100,0,,
16703,Basidiomycete,KP,70063,CEA,5,L,1,14,20,0,,
16703,Basidiomycete,KP,70063,REA,1,L,1,28,20,0,,
16703,Basidiomycete,KP,70063,REA,1,D,1,14,20,0,,
16703,Basidiomycete,KP,70063,REA,2,L,1,28,20,0,,
16703,Basidiomycete,KP,70063,REA,2,D,1,,,0,,
16703,Basidiomycete,KP,70063,REA,3,L,1,14,20,0,,
16703,Basidiomycete,KP,70063,REA,3,D,1,14,50,0,,
16703,Basidiomycete,KP,70063,REA,4,D,1,13,50,0,,
16703,Basidiomycete,KP,70063,OEA,1,L,1,13,20,0,,
16703,Basidiomycete,KP,70063,OEA,1,D,1,,,0,,
16703,Basidiomycete,KP,70063,OEA,2,L,1,10,20,0,,
16703,Basidiomycete,KP,70063,OEA,2,D,1,14,20,0,,
16703,Basidiomycete,KP,70063,OEA,3,L,1,14,20,0,,
16703,Basidiomycete,EC,25922L,PDA,1,L,1,13,20,7,,
16703,Basidiomycete,EC,25922L,PDA,1,D,1,10,20,0,,
16703,Basidiomycete,EC,25922L,PDA,2,L,1,19,50,0,,
16703,Basidiomycete,EC,25922L,PDA,2,D,1,,,0,,
16703,Basidiomycete,EC,25922L,PDA,3,L,1,15,80,0,,
16703,Basidiomycete,EC,25922L,PDA,3,D,1,37,100,0,,
16703,Basidiomycete,EC,25922L,PDA,3,D,2,37,100,0,,
16703,Basidiomycete,EC,25922L,MEA,1,L,1,,,0,,
16703,Basidiomycete,EC,25922L,MEA,1,D,1,10,20,0,,
16703,Basidiomycete,EC,25922L,MEA,2,L,1,14,20,0,,
16703,Basidiomycete,EC,25922L,MEA,2,D,1,13,20,0,,
16703,Basidiomycete,EC,25922L,MEA,3,L,1,14,20,0,,
16703,Basidiomycete,EC,25922L,MEA,3,D,1,13,20,0,,
16703,Basidiomycete,EC,25922L,WA,1,L,1,16,20,0,,
16703,Basidiomycete,EC,25922L,WA,1,D,1,,,0,,
16703,Basidiomycete,EC,25922L,WA,2,L,1,14,20,0,,
16703,Basidiomycete,EC,25922L,WA,2,D,1,23,,0,,
16703,Basidiomycete,EC,25922L,WA,3,D,1,13,20,0,,
16703,Basidiomycete,EC,25922L,WA,4,D,1,13,20,0,,
16703,Basidiomycete,EC,25922L,CEA,1,L,1,15,20,0,,
16703,Basidiomycete,EC,25922L,CEA,1,D,1,13,20,0,,
16703,Basidiomycete,EC,25922L,CEA,2,L,1,14,20,0,,
16703,Basidiomycete,EC,25922L,CEA,2,D,1,23,,0,,
16703,Basidiomycete,EC,25922L,CEA,3,L,1,14,20,0,,
16703,Basidiomycete,EC,25922L,CEA,4,L,1,28,100,0,,
16703,Basidiomycete,EC,25922L,CEA,5,L,1,14,20,0,,
16703,Basidiomycete,EC,25922L,REA,1,L,1,28,20,0,,
16703,Basidiomycete,EC,25922L,REA,1,D,1,14,20,8,,
16703,Basidiomycete,EC,25922L,REA,2,L,1,28,20,0,,
16703,Basidiomycete,EC,25922L,REA,2,D,1,,,0,,
16703,Basidiomycete,EC,25922L,REA,3,L,1,14,20,0,,
16703,Basidiomycete,EC,25922L,REA,3,D,1,23,,0,,
16703,Basidiomycete,EC,25922L,REA,4,D,1,14,50,0,,
16703,Basidiomycete,EC,25922L,REA,5,D,1,14,50,0,,
16703,Basidiomycete,EC,25922L,REA,6,D,1,13,50,0,,
16703,Basidiomycete,EC,25922L,OEA,1,L,1,13,20,0,,
16703,Basidiomycete,EC,25922L,OEA,1,D,1,,,0,,
16703,Basidiomycete,EC,25922L,OEA,2,L,1,,,0,,
16703,Basidiomycete,EC,25922L,OEA,2,D,1,14,20,0,,
16703,Basidiomycete,EC,25922L,OEA,3,L,1,14,20,0,,
17077,Basidiomycete,KP,70063,PDA,1,D,1,16,100,0,,
17077,Basidiomycete,KP,70063,MEA,1,D,1,23,,0,,
17077,Basidiomycete,KP,70063,WA,1,D,1,12,75,10,,
17077,Basidiomycete,KP,70063,CEA,1,D,1,10,100,13,13,
17077,Basidiomycete,KP,70063,CEA,2,D,1,23,100,21,7,
17077,Basidiomycete,KP,70063,CEA,3,D,1,12,100,0,,
17077,Basidiomycete,KP,70063,REA,1,D,1,9,50,14,,
17077,Basidiomycete,KP,70063,REA,2,D,1,23,100,9,,
17077,Basidiomycete,KP,70063,REA,3,D,1,12,100,0,,
17077,Basidiomycete,KP,70063,OEA,1,D,1,16,100,0,,
17077,Basidiomycete,KP,70063,OEA,2,D,1,23,100,9,,
17077,Basidiomycete,KP,70063,OEA,3,D,1,23,100,8,,
17077,Basidiomycete,KP,70063,OEA,4,D,1,12,100,0,,
17077,Basidiomycete,EC,25922L,PDA,1,D,1,16,100,0,,
17077,Basidiomycete,EC,25922L,PDA,2,D,1,12,50,0,,
17077,Basidiomycete,EC,25922L,MEA,1,D,1,23,100,0,23,
17077,Basidiomycete,EC,25922L,MEA,2,D,1,12,100,0,12,100
17077,Basidiomycete,EC,25922L,CEA,1,D,1,23,100,0,,
17077,Basidiomycete,EC,25922L,CEA,2,D,1,12,100,0,,
17077,Basidiomycete,EC,25922L,REA,1,D,1,23,100,0,,
17077,Basidiomycete,EC,25922L,REA,2,D,1,12,100,0,,
17077,Basidiomycete,EC,25922L,OEA,1,D,1,23,100,0,,
17077,Basidiomycete,EC,25922L,OEA,2,D,1,12,100,0,,
17702,Basidiomycete,KP,70063,PDA,1,L,1,12,80,0,,
17702,Basidiomycete,KP,70063,PDA,1,D,1,29,80,0,,
17702,Basidiomycete,KP,70063,MEA,1,L,1,12,50,0,,
17702,Basidiomycete,KP,70063,MEA,1,D,1,13,20,0,,
17702,Basidiomycete,KP,70063,WA,1,L,1,42,80,10,,
17702,Basidiomycete,KP,70063,CEA,1,L,1,12,80,11,10,
17702,Basidiomycete,KP,70063,OEA,1,L,1,12,100,15,,
17702,Basidiomycete,EC,25922L,PDA,1,L,1,12,80,0,,
17702,Basidiomycete,EC,25922L,PDA,1,D,1,29,80,0,,
17702,Basidiomycete,EC,25922L,MEA,1,L,1,12,50,0,,
17702,Basidiomycete,EC,25922L,MEA,1,D,1,13,20,0,,
17702,Basidiomycete,EC,25922L,WA,1,L,1,42,80,0,,
17702,Basidiomycete,EC,25922L,CEA,1,L,1,12,80,0,,
17702,Basidiomycete,EC,25922L,OEA,1,L,1,12,100,10,,
16006,Basidiomycete,KP,70063,PDA,1,L,1,12,50,0,,
16006,Basidiomycete,KP,70063,PDA,1,D,1,13,50,0,,
16006,Basidiomycete,KP,70063,PDA,2,D,1,12,20,0,,
16006,Basidiomycete,KP,70063,MEA,1,L,1,12,50,0,,
16006,Basidiomycete,KP,70063,MEA,1,D,1,13,50,0,,
16006,Basidiomycete,KP,70063,MEA,2,D,1,12,50,0,,
16006,Basidiomycete,KP,70063,WA,1,L,1,12,50,14,,
16006,Basidiomycete,KP,70063,WA,1,D,1,29,75,9,,
16006,Basidiomycete,KP,70063,WA,2,D,1,12,50,0,,
16006,Basidiomycete,KP,70063,CEA,1,L,1,13,20,8,11,
16006,Basidiomycete,KP,70063,CEA,1,D,1,13,20,0,11,
16006,Basidiomycete,KP,70063,CEA,2,D,1,12,50,0,,
16006,Basidiomycete,KP,70063,REA,1,L,1,12,50,12,,
16006,Basidiomycete,KP,70063,REA,1,D,1,13,50,15,,
16006,Basidiomycete,KP,70063,REA,2,D,1,12,50,9,,
16006,Basidiomycete,KP,70063,OEA,1,L,1,5,50,0,,
16006,Basidiomycete,KP,70063,OEA,1,D,1,29,100,0,,
16006,Basidiomycete,KP,70063,OEA,2,D,1,12,50,8,,
16006,Basidiomycete,EC,25922L,PDA,1,L,1,12,50,0,,
16006,Basidiomycete,EC,25922L,PDA,1,D,1,13,50,10,,
16006,Basidiomycete,EC,25922L,PDA,2,D,1,12,20,0,,
16006,Basidiomycete,EC,25922L,MEA,1,L,1,12,50,0,,
16006,Basidiomycete,EC,25922L,MEA,1,D,1,13,50,0,,
16006,Basidiomycete,EC,25922L,MEA,2,D,1,12,50,0,,
16006,Basidiomycete,EC,25922L,WA,1,L,1,12,50,10,,
16006,Basidiomycete,EC,25922L,WA,1,D,1,29,75,0,,
16006,Basidiomycete,EC,25922L,CEA,1,L,1,13,20,0,,
16006,Basidiomycete,EC,25922L,CEA,1,D,1,13,20,0,,
16006,Basidiomycete,EC,25922L,CEA,2,D,1,12,50,0,,
16006,Basidiomycete,EC,25922L,REA,1,L,1,12,50,0,,
16006,Basidiomycete,EC,25922L,REA,1,D,1,13,50,0,,
16006,Basidiomycete,EC,25922L,REA,2,D,1,12,50,0,,
16006,Basidiomycete,EC,25922L,OEA,1,L,1,5,50,7,,
16006,Basidiomycete,EC,25922L,OEA,1,D,1,29,100,7,,
16006,Basidiomycete,EC,25922L,OEA,2,D,1,12,50,0,,
18193,Basidiomycete,KP,70063,PDA,1,L,1,5,100,0,,
18193,Basidiomycete,KP,70063,PDA,1,D,1,5,100,0,,
18193,Basidiomycete,KP,70063,PDA,2,L,1,8,100,0,,
18193,Basidiomycete,KP,70063,PDA,2,D,1,12,100,0,,
18193,Basidiomycete,KP,70063,PDA,3,D,1,4,50,0,,
18193,Basidiomycete,KP,70063,PDA,4,D,1,12,100,0,,
18193,Basidiomycete,KP,70063,MEA,1,L,1,5,100,0,,
18193,Basidiomycete,KP,70063,MEA,1,D,1,5,75,0,,
18193,Basidiomycete,KP,70063,MEA,2,L,1,8,100,0,,
18193,Basidiomycete,KP,70063,MEA,2,D,1,12,100,0,,
18193,Basidiomycete,KP,70063,MEA,3,D,1,4,20,0,,
18193,Basidiomycete,KP,70063,MEA,4,D,1,12,100,0,,
18193,Basidiomycete,KP,70063,WA,1,L,1,5,75,13,,
18193,Basidiomycete,KP,70063,WA,1,D,1,5,75,12,,
18193,Basidiomycete,KP,70063,WA,2,L,1,8,100,14,,
18193,Basidiomycete,KP,70063,WA,2,D,1,8,100,13,,
18193,Basidiomycete,KP,70063,WA,3,D,1,4,20,8,,
18193,Basidiomycete,KP,70063,WA,4,D,1,12,100,11,,
18193,Basidiomycete,KP,70063,CEA,1,L,1,5,100,11,11,
18193,Basidiomycete,KP,70063,CEA,1,D,1,5,100,8,11,
18193,Basidiomycete,KP,70063,CEA,2,L,1,8,100,11,13,
18193,Basidiomycete,KP,70063,CEA,2,D,1,12,100,10,13,
18193,Basidiomycete,KP,70063,CEA,3,D,1,4,50,13,15,
18193,Basidiomycete,KP,70063,CEA,4,D,1,12,100,12,11,
18193,Basidiomycete,KP,70063,REA,1,L,1,5,80,14,,
18193,Basidiomycete,KP,70063,REA,1,D,1,5,80,13,,
18193,Basidiomycete,KP,70063,REA,2,L,1,8,80,8,,
18193,Basidiomycete,KP,70063,REA,2,D,1,12,100,7,,
18193,Basidiomycete,KP,70063,REA,3,D,1,4,20,14,,
18193,Basidiomycete,KP,70063,REA,4,D,1,12,100,9,,
18193,Basidiomycete,KP,70063,OEA,1,L,1,5,100,13,,
18193,Basidiomycete,KP,70063,OEA,1,D,1,5,100,14,,
18193,Basidiomycete,KP,70063,OEA,2,L,1,8,100,22,,
18193,Basidiomycete,KP,70063,OEA,2,D,1,12,100,0,,
18193,Basidiomycete,KP,70063,OEA,3,D,1,4,20,20,,
18193,Basidiomycete,KP,70063,OEA,4,D,1,12,100,11,,
18193,Basidiomycete,EC,25922L,PDA,1,L,1,5,100,7,,
18193,Basidiomycete,EC,25922L,PDA,1,D,1,5,100,9,,
18193,Basidiomycete,EC,25922L,PDA,2,L,1,8,100,0,,
18193,Basidiomycete,EC,25922L,PDA,2,D,1,12,100,0,,
18193,Basidiomycete,EC,25922L,PDA,3,D,1,4,75,0,,
18193,Basidiomycete,EC,25922L,PDA,4,D,1,12,100,0,,
18193,Basidiomycete,EC,25922L,MEA,1,L,1,5,100,0,,
18193,Basidiomycete,EC,25922L,MEA,1,D,1,5,75,10,,
18193,Basidiomycete,EC,25922L,MEA,2,L,1,8,100,0,,
18193,Basidiomycete,EC,25922L,MEA,2,D,1,12,100,0,,
18193,Basidiomycete,EC,25922L,MEA,3,D,1,4,20,0,,
18193,Basidiomycete,EC,25922L,MEA,4,D,1,12,100,0,,
18193,Basidiomycete,EC,25922L,WA,1,L,1,5,75,0,,
18193,Basidiomycete,EC,25922L,WA,1,D,1,5,75,0,,
18193,Basidiomycete,EC,25922L,WA,2,L,1,8,100,11,,
18193,Basidiomycete,EC,25922L,WA,2,D,1,8,100,11,,
18193,Basidiomycete,EC,25922L,WA,3,D,1,4,20,8,,
18193,Basidiomycete,EC,25922L,CEA,1,L,1,5,100,0,,
18193,Basidiomycete,EC,25922L,CEA,1,D,1,5,100,0,,
18193,Basidiomycete,EC,25922L,CEA,2,L,1,8,100,0,,
18193,Basidiomycete,EC,25922L,CEA,2,L,1,12,100,0,,
18193,Basidiomycete,EC,25922L,CEA,3,L,1,4,50,0,,
18193,Basidiomycete,EC,25922L,CEA,4,L,1,12,100,0,,
18193,Basidiomycete,EC,25922L,REA,1,D,1,5,80,0,,
18193,Basidiomycete,EC,25922L,REA,1,L,1,5,80,0,,
18193,Basidiomycete,EC,25922L,REA,2,D,1,8,80,8,,
18193,Basidiomycete,EC,25922L,REA,2,L,1,12,100,7,,
18193,Basidiomycete,EC,25922L,REA,3,L,1,4,20,0,,
18193,Basidiomycete,EC,25922L,REA,4,D,1,,,,,
18193,Basidiomycete,EC,25922L,REA,4,L,1,12,100,0,,
18193,Basidiomycete,EC,25922L,OEA,1,D,1,5,100,9,,
18193,Basidiomycete,EC,25922L,OEA,1,L,1,5,100,10,,
18193,Basidiomycete,EC,25922L,OEA,2,D,1,8,100,0,,
18193,Basidiomycete,EC,25922L,OEA,2,L,1,12,100,0,,
18193,Basidiomycete,EC,25922L,OEA,3,L,1,4,20,0,,
18193,Basidiomycete,EC,25922L,OEA,4,L,1,12,100,0,,
17650,Basidiomycete,KP,70063,PDA,1,L,1,3,40,14,,
17650,Basidiomycete,KP,70063,PDA,1,D,1,8,80,0,,
17650,Basidiomycete,KP,70063,PDA,2,L,1,13,50,0,,
17650,Basidiomycete,KP,70063,PDA,3,L,1,21,100,0,,
17650,Basidiomycete,KP,70063,PDA,4,D,1,3,40,11,,
17650,Basidiomycete,KP,70063,MEA,1,L,1,3,20,0,,
17650,Basidiomycete,KP,70063,MEA,1,D,1,12,75,0,,
17650,Basidiomycete,KP,70063,MEA,2,L,1,13,100,0,,
17650,Basidiomycete,KP,70063,MEA,3,L,1,21,100,0,,
17650,Basidiomycete,KP,70063,MEA,4,D,1,3,20,0,,
17650,Basidiomycete,KP,70063,WA,1,L,1,3,20,0,,
17650,Basidiomycete,KP,70063,WA,1,D,1,8,80,9,,
17650,Basidiomycete,KP,70063,WA,2,D,1,13,100,12,,
17650,Basidiomycete,KP,70063,WA,3,D,1,21,100,10,,
17650,Basidiomycete,KP,70063,WA,4,D,1,3,20,0,,
17650,Basidiomycete,KP,70063,CEA,1,L,1,8,100,13,15,
17650,Basidiomycete,KP,70063,CEA,1,D,1,21,100,11,8,
17650,Basidiomycete,KP,70063,CEA,2,L,1,3,20,15,,
17650,Basidiomycete,KP,70063,CEA,2,D,1,3,20,13,,
17650,Basidiomycete,KP,70063,REA,1,L,1,3,20,0,,
17650,Basidiomycete,KP,70063,REA,1,D,1,8,80,7,,
17650,Basidiomycete,KP,70063,REA,2,D,1,13,50,10,,
17650,Basidiomycete,KP,70063,REA,3,D,1,21,100,10,,
17650,Basidiomycete,KP,70063,REA,4,D,1,3,20,0,,
17650,Basidiomycete,KP,70063,OEA,1,L,1,8,100,0,,
17650,Basidiomycete,KP,70063,OEA,1,D,1,13,100,15,,
17650,Basidiomycete,KP,70063,OEA,2,L,1,3,20,9,,
17650,Basidiomycete,KP,70063,OEA,2,D,1,21,100,8,,
17650,Basidiomycete,KP,70063,OEA,3,D,1,3,20,7,,
17650,Basidiomycete,KP,70063,CYA,1,L,1,3,20,0,,
17650,Basidiomycete,KP,70063,CYA,1,D,1,3,20,0,,
17650,Basidiomycete,EC,25922L,PDA,1,L,1,3,40,0,,
17650,Basidiomycete,EC,25922L,PDA,1,D,1,8,80,0,,
17650,Basidiomycete,EC,25922L,PDA,2,D,1,13,50,9,,
17650,Basidiomycete,EC,25922L,PDA,3,D,1,21,100,0,,
17650,Basidiomycete,EC,25922L,PDA,4,D,1,3,40,0,,
17650,Basidiomycete,EC,25922L,MEA,1,L,1,3,20,0,,
17650,Basidiomycete,EC,25922L,MEA,1,D,1,12,75,0,,
17650,Basidiomycete,EC,25922L,MEA,2,D,1,13,100,0,,
17650,Basidiomycete,EC,25922L,MEA,3,D,1,21,100,15,,
17650,Basidiomycete,EC,25922L,MEA,4,D,1,3,20,0,,
17650,Basidiomycete,EC,25922L,WA,1,L,1,3,20,0,,
17650,Basidiomycete,EC,25922L,WA,1,D,1,8,80,0,,
17650,Basidiomycete,EC,25922L,WA,2,D,1,13,100,0,,
17650,Basidiomycete,EC,25922L,WA,3,D,1,21,100,0,,
17650,Basidiomycete,EC,25922L,WA,4,D,1,3,20,0,,
17650,Basidiomycete,EC,25922L,CEA,1,L,1,8,100,15,,
17650,Basidiomycete,EC,25922L,CEA,1,D,1,21,100,0,,
17650,Basidiomycete,EC,25922L,CEA,2,L,1,3,20,0,,
17650,Basidiomycete,EC,25922L,CEA,2,D,1,3,20,0,,
17650,Basidiomycete,EC,25922L,REA,1,D,1,8,80,7,,
17650,Basidiomycete,EC,25922L,REA,2,D,1,13,50,0,,
17650,Basidiomycete,EC,25922L,REA,3,D,1,21,100,10,,
17650,Basidiomycete,EC,25922L,REA,4,L,1,3,20,0,,
17650,Basidiomycete,EC,25922L,REA,4,D,1,3,20,0,,
17650,Basidiomycete,EC,25922L,OEA,1,L,1,8,100,0,,
17650,Basidiomycete,EC,25922L,OEA,1,D,1,13,100,0,,
17650,Basidiomycete,EC,25922L,OEA,2,L,1,3,20,0,,
17650,Basidiomycete,EC,25922L,OEA,2,D,1,21,100,0,,
17650,Basidiomycete,EC,25922L,OEA,3,D,1,3,20,0,,
17650,Basidiomycete,EC,25922L,CYA,1,L,1,3,20,15,,
17650,Basidiomycete,EC,25922L,CYA,1,D,1,3,20,16,,
18220,Basidiomycete,KP,70063,PDA,1,L,1,19,50,0,,
18220,Basidiomycete,KP,70063,MEA,1,L,1,19,80,0,,
18220,Basidiomycete,KP,70063,WA,1,L,1,19,80,10,,
18220,Basidiomycete,KP,70063,CEA,1,L,1,19,100,0,13,
18220,Basidiomycete,KP,70063,REA,1,L,1,19,50,9,,
18220,Basidiomycete,KP,70063,OEA,1,L,1,19,80,0,,
18220,Basidiomycete,EC,25922L,PDA,1,L,1,19,50,0,,
18220,Basidiomycete,EC,25922L,MEA,1,L,1,19,80,0,,
18220,Basidiomycete,EC,25922L,WA,1,L,1,19,80,0,,
18220,Basidiomycete,EC,25922L,CEA,1,L,1,19,100,0,,
18220,Basidiomycete,EC,25922L,REA,1,L,1,19,50,0,,
18220,Basidiomycete,EC,25922L,OEA,1,L,1,19,80,0,,
16380,Basidiomycete,KP,70063,PDA,1,L,1,13,50,0,,
16380,Basidiomycete,KP,70063,PDA,1,D,1,12,100,0,,
16380,Basidiomycete,KP,70063,MEA,1,L,1,13,75,0,,
16380,Basidiomycete,KP,70063,MEA,1,D,1,12,50,0,,
16380,Basidiomycete,KP,70063,WA,1,L,1,13,100,0,,
16380,Basidiomycete,KP,70063,WA,1,D,1,12,80,0,,
16380,Basidiomycete,KP,70063,CEA,1,L,1,13,100,15,15,
16380,Basidiomycete,KP,70063,CEA,1,D,1,13,100,0,13,
16380,Basidiomycete,KP,70063,CEA,2,D,1,12,100,0,,
16380,Basidiomycete,KP,70063,REA,1,L,1,13,50,0,,
16380,Basidiomycete,KP,70063,REA,1,D,1,13,100,0,,
16380,Basidiomycete,KP,70063,REA,2,D,1,12,100,0,,
16380,Basidiomycete,KP,70063,OEA,1,L,1,13,80,0,,
16380,Basidiomycete,KP,70063,OEA,1,D,1,13,80,0,,
16380,Basidiomycete,KP,70063,OEA,2,D,1,12,100,0,,
16380,Basidiomycete,EC,25922L,PDA,1,L,1,13,50,0,,
16380,Basidiomycete,EC,25922L,PDA,1,D,1,12,100,0,,
16380,Basidiomycete,EC,25922L,MEA,1,L,1,13,75,0,,
16380,Basidiomycete,EC,25922L,MEA,1,D,1,12,50,0,,
16380,Basidiomycete,EC,25922L,WA,1,L,1,13,100,0,,
16380,Basidiomycete,EC,25922L,WA,1,D,1,12,80,0,,
16380,Basidiomycete,EC,25922L,CEA,1,L,1,13,100,0,,
16380,Basidiomycete,EC,25922L,CEA,1,D,1,13,100,0,,
16380,Basidiomycete,EC,25922L,CEA,2,D,1,12,100,0,,
16380,Basidiomycete,EC,25922L,REA,1,L,1,13,50,0,,
16380,Basidiomycete,EC,25922L,REA,1,D,1,13,100,0,,
16380,Basidiomycete,EC,25922L,REA,2,D,1,12,100,0,,
16380,Basidiomycete,EC,25922L,OEA,1,L,1,13,80,0,,
16380,Basidiomycete,EC,25922L,OEA,1,D,1,13,80,0,,
16380,Basidiomycete,EC,25922L,OEA,2,D,1,12,100,0,,
18221,Basidiomycete,KP,70063,PDA,1,D,1,13,20,0,,
18221,Basidiomycete,KP,70063,MEA,1,L,1,18,100,7,,
18221,Basidiomycete,KP,70063,MEA,1,D,1,18,100,7,,
18221,Basidiomycete,KP,70063,MEA,2,D,1,13,20,0,,
18221,Basidiomycete,KP,70063,WA,1,L,1,18,100,7,,
18221,Basidiomycete,KP,70063,WA,1,D,1,18,100,7,,
18221,Basidiomycete,KP,70063,WA,2,D,1,13,75,8,,
18221,Basidiomycete,KP,70063,CEA,1,L,1,18,100,14,7,
18221,Basidiomycete,KP,70063,CEA,1,D,1,18,100,12,7,
18221,Basidiomycete,KP,70063,CEA,2,D,1,13,20,10,,
18221,Basidiomycete,KP,70063,REA,1,L,1,13,20,10,,
18221,Basidiomycete,KP,70063,REA,1,D,1,18,100,11,,
18221,Basidiomycete,KP,70063,REA,2,D,1,18,100,12,,
18221,Basidiomycete,KP,70063,OEA,1,L,1,18,100,7,,
18221,Basidiomycete,KP,70063,OEA,1,D,1,18,100,7,,
18221,Basidiomycete,KP,70063,OEA,2,D,1,13,50,0,,
18221,Basidiomycete,EC,25922L,PDA,1,D,1,13,20,0,,
18221,Basidiomycete,EC,25922L,MEA,1,L,1,18,100,0,,
18221,Basidiomycete,EC,25922L,MEA,1,D,1,18,100,0,,
18221,Basidiomycete,EC,25922L,MEA,2,D,1,13,20,12,,
18221,Basidiomycete,EC,25922L,WA,1,L,1,18,100,0,,
18221,Basidiomycete,EC,25922L,WA,1,D,1,18,100,0,,
18221,Basidiomycete,EC,25922L,WA,2,D,1,13,75,0,,
18221,Basidiomycete,EC,25922L,CEA,1,L,1,18,100,0,,
18221,Basidiomycete,EC,25922L,CEA,1,D,1,18,100,0,,
18221,Basidiomycete,EC,25922L,CEA,2,D,1,13,20,0,,
18221,Basidiomycete,EC,25922L,REA,1,L,1,18,100,0,,
18221,Basidiomycete,EC,25922L,REA,1,D,1,18,100,0,,
18221,Basidiomycete,EC,25922L,REA,2,D,1,13,20,0,,
18221,Basidiomycete,EC,25922L,OEA,1,L,1,18,100,7,,
18221,Basidiomycete,EC,25922L,OEA,1,D,1,18,100,7,,
18221,Basidiomycete,EC,25922L,OEA,2,D,1,13,50,0,,
12896,Basidiomycete,KP,70063,PDA,1,L,1,5,100,10,,
12896,Basidiomycete,KP,70063,PDA,1,D,1,5,100,14,,
12896,Basidiomycete,KP,70063,PDA,2,L,1,14,100,0,,
12896,Basidiomycete,KP,70063,PDA,2,D,1,14,100,0,,
12896,Basidiomycete,KP,70063,MEA,1,L,1,5,100,10,,
12896,Basidiomycete,KP,70063,MEA,1,D,1,5,100,0,,
12896,Basidiomycete,KP,70063,MEA,2,L,1,14,100,0,,
12896,Basidiomycete,KP,70063,MEA,2,D,1,14,100,0,,
12896,Basidiomycete,KP,70063,WA,1,L,1,5,100,13,,
12896,Basidiomycete,KP,70063,WA,1,D,1,5,100,13,,
12896,Basidiomycete,KP,70063,CEA,1,L,1,5,100,0,,
12896,Basidiomycete,KP,70063,CEA,1,D,1,5,100,0,,
12896,Basidiomycete,KP,70063,CEA,2,L,1,14,100,0,,
12896,Basidiomycete,KP,70063,CEA,2,D,1,14,100,0,,
12896,Basidiomycete,KP,70063,REA,1,L,1,5,100,0,,
12896,Basidiomycete,KP,70063,REA,1,D,1,5,100,0,,
12896,Basidiomycete,KP,70063,REA,2,L,1,14,100,15,,
12896,Basidiomycete,KP,70063,REA,2,D,1,14,100,15,,
12896,Basidiomycete,KP,70063,OEA,1,L,1,5,100,15,,
12896,Basidiomycete,KP,70063,OEA,1,D,1,5,100,14,,
12896,Basidiomycete,KP,70063,OEA,2,L,1,14,100,10,,
12896,Basidiomycete,KP,70063,OEA,2,D,1,14,100,9,,
12896,Basidiomycete,EC,25922L,PDA,1,L,1,5,100,13,,
12896,Basidiomycete,EC,25922L,PDA,1,D,1,5,100,14,,
12896,Basidiomycete,EC,25922L,PDA,2,L,1,14,100,9,,
12896,Basidiomycete,EC,25922L,PDA,2,D,1,14,100,0,,
12896,Basidiomycete,EC,25922L,MEA,1,L,1,5,100,0,,
12896,Basidiomycete,EC,25922L,MEA,1,D,1,5,100,0,,
12896,Basidiomycete,EC,25922L,MEA,2,L,1,14,100,0,,
12896,Basidiomycete,EC,25922L,MEA,2,D,1,14,100,0,,
12896,Basidiomycete,EC,25922L,CEA,1,L,1,5,100,0,,
12896,Basidiomycete,EC,25922L,CEA,1,D,1,5,100,0,,
12896,Basidiomycete,EC,25922L,CEA,2,L,1,14,100,0,,
12896,Basidiomycete,EC,25922L,CEA,2,D,1,14,100,0,,
12896,Basidiomycete,EC,25922L,REA,1,L,1,5,100,0,,
12896,Basidiomycete,EC,25922L,REA,1,D,1,5,100,0,,
12896,Basidiomycete,EC,25922L,REA,2,L,1,14,100,0,,
12896,Basidiomycete,EC,25922L,REA,2,D,1,14,100,0,,
12896,Basidiomycete,EC,25922L,OEA,1,L,1,5,100,0,,
12896,Basidiomycete,EC,25922L,OEA,1,D,1,5,100,0,,
12896,Basidiomycete,EC,25922L,OEA,2,L,1,14,100,0,,
12896,Basidiomycete,EC,25922L,OEA,2,D,1,14,100,0,,
16714,Basidiomycete,KP,70063,PDA,1,L,1,5,50,0,,
16714,Basidiomycete,KP,70063,PDA,1,D,1,5,50,0,,
16714,Basidiomycete,KP,70063,PDA,2,L,1,14,100,0,,
16714,Basidiomycete,KP,70063,PDA,2,D,1,14,100,10,,
16714,Basidiomycete,KP,70063,MEA,1,L,1,5,50,0,,
16714,Basidiomycete,KP,70063,MEA,1,D,1,5,50,0,,
16714,Basidiomycete,KP,70063,MEA,2,L,1,14,100,0,,
16714,Basidiomycete,KP,70063,MEA,2,D,1,14,100,0,,
16714,Basidiomycete,KP,70063,WA,1,L,1,5,50,14,,
16714,Basidiomycete,KP,70063,WA,1,D,1,5,50,15,,
16714,Basidiomycete,KP,70063,WA,2,L,1,14,100,10,,
16714,Basidiomycete,KP,70063,WA,2,D,1,14,100,12,,
16714,Basidiomycete,KP,70063,CEA,1,L,1,5,20,0,,
16714,Basidiomycete,KP,70063,CEA,1,D,1,5,20,0,,
16714,Basidiomycete,KP,70063,CEA,2,L,1,14,100,7,,
16714,Basidiomycete,KP,70063,CEA,2,D,1,14,100,7,,
16714,Basidiomycete,KP,70063,REA,1,L,1,5,50,9,,
16714,Basidiomycete,KP,70063,REA,1,D,1,5,50,8,,
16714,Basidiomycete,KP,70063,REA,2,L,1,14,100,0,,
16714,Basidiomycete,KP,70063,REA,2,D,1,14,100,0,,
16714,Basidiomycete,KP,70063,OEA,1,L,1,5,50,0,,
16714,Basidiomycete,KP,70063,OEA,1,D,1,5,50,0,,
16714,Basidiomycete,KP,70063,OEA,2,L,1,14,100,17,,
16714,Basidiomycete,KP,70063,OEA,2,D,1,14,100,0,,
16714,Basidiomycete,EC,25922L,PDA,1,L,1,5,50,0,,
16714,Basidiomycete,EC,25922L,PDA,1,D,1,5,50,0,,
16714,Basidiomycete,EC,25922L,PDA,2,L,1,14,100,0,,
16714,Basidiomycete,EC,25922L,PDA,2,D,1,14,100,0,,
16714,Basidiomycete,EC,25922L,MEA,1,L,1,5,50,0,,
16714,Basidiomycete,EC,25922L,MEA,1,D,1,5,50,0,,
16714,Basidiomycete,EC,25922L,MEA,2,L,1,14,100,0,,
16714,Basidiomycete,EC,25922L,MEA,2,D,1,14,100,0,,
16714,Basidiomycete,EC,25922L,WA,1,L,1,5,50,0,,
16714,Basidiomycete,EC,25922L,WA,1,D,1,5,50,0,,
16714,Basidiomycete,EC,25922L,CEA,1,L,1,5,20,0,,
16714,Basidiomycete,EC,25922L,CEA,1,D,1,5,20,0,,
16714,Basidiomycete,EC,25922L,CEA,2,L,1,14,100,0,,
16714,Basidiomycete,EC,25922L,CEA,2,D,1,14,100,0,,
16714,Basidiomycete,EC,25922L,REA,1,L,1,5,50,0,,
16714,Basidiomycete,EC,25922L,REA,1,D,1,5,50,0,,
16714,Basidiomycete,EC,25922L,REA,2,L,1,14,100,0,,
16714,Basidiomycete,EC,25922L,REA,2,D,1,14,100,0,,
16714,Basidiomycete,EC,25922L,OEA,1,L,1,5,50,0,,
16714,Basidiomycete,EC,25922L,OEA,1,D,1,5,50,0,,
16714,Basidiomycete,EC,25922L,OEA,2,L,1,14,100,10,,
16714,Basidiomycete,EC,25922L,OEA,2,D,1,14,100,8,,
16416,Basidiomycete,KP,70063,PDA,1,L,1,36,100,0,,
16416,Basidiomycete,KP,70063,PDA,1,D,1,11,20,0,,
16416,Basidiomycete,KP,70063,PDA,2,L,1,11,20,0,,
16416,Basidiomycete,KP,70063,PDA,2,D,1,11,20,0,,
16416,Basidiomycete,KP,70063,MEA,1,L,1,36,100,0,,
16416,Basidiomycete,KP,70063,MEA,2,L,1,11,20,0,,
16416,Basidiomycete,KP,70063,WA,1,L,1,36,100,0,,
16416,Basidiomycete,KP,70063,CEA,1,L,1,36,100,0,,
16416,Basidiomycete,KP,70063,REA,1,L,1,36,100,9,,
16416,Basidiomycete,KP,70063,OEA,1,L,1,36,100,8,,
16416,Basidiomycete,EC,25922L,PDA,1,L,1,36,100,9,,
16416,Basidiomycete,EC,25922L,PDA,1,D,1,11,20,10,,
16416,Basidiomycete,EC,25922L,PDA,2,L,1,11,20,0,,
16416,Basidiomycete,EC,25922L,PDA,2,D,1,11,20,0,,
16416,Basidiomycete,EC,25922L,MEA,1,L,1,36,100,0,,
16416,Basidiomycete,EC,25922L,MEA,2,L,1,11,20,0,,
16416,Basidiomycete,EC,25922L,WA,1,L,1,36,100,0,,
16416,Basidiomycete,EC,25922L,CEA,1,L,1,36,100,0,,
16416,Basidiomycete,EC,25922L,REA,1,L,1,36,100,0,,
16416,Basidiomycete,EC,25922L,OEA,1,L,1,36,100,0,,
16397,Basidiomycete,KP,25922L,PDA,1,D,1,13,100,0,,
16397,Basidiomycete,EC,70063,PDA,1,D,1,13,100,0,,
16397,Basidiomycete,EC,25922L,WA,1,D,1,13,75,0,,
11664,Basidiomycete,KP,70063,MEA,1,D,1,13,100,0,,
11664,Basidiomycete,KP,70063,WA,1,D,1,13,75,0,,
11664,Basidiomycete,KP,70063,REA,1,D,1,13,40,0,,
11664,Basidiomycete,KP,70063,OEA,1,D,1,13,100,0,,
11664,Basidiomycete,EC,25922L,MEA,1,D,1,13,100,0,,
11664,Basidiomycete,EC,25922L,WA,1,D,1,13,75,0,,
11664,Basidiomycete,EC,25922L,REA,1,D,1,13,40,0,,
11664,Basidiomycete,EC,25922L,OEA,1,D,1,13,100,0,,
18216,Basidiomycete,KP,70063,PDA,1,L,1,7,50,7,,
18216,Basidiomycete,KP,70063,PDA,1,D,1,7,50,9,,
18216,Basidiomycete,KP,70063,MEA,1,L,1,7,50,0,,
18216,Basidiomycete,KP,70063,MEA,1,D,1,7,50,0,,
18216,Basidiomycete,KP,70063,WA,1,L,1,7,50,7,,
18216,Basidiomycete,KP,70063,WA,1,D,1,7,50,10,,
18216,Basidiomycete,KP,70063,CEA,1,L,1,7,50,7,7,
18216,Basidiomycete,KP,70063,CEA,1,D,1,7,50,10,7,
18216,Basidiomycete,KP,70063,REA,1,L,1,7,50,14,,
18216,Basidiomycete,KP,70063,REA,1,D,1,7,50,13,,
18216,Basidiomycete,KP,70063,OEA,1,L,1,7,50,10,,
18216,Basidiomycete,KP,70063,OEA,1,D,1,7,50,10,,
18216,Basidiomycete,EC,25922L,PDA,1,L,1,7,50,9,,
18216,Basidiomycete,EC,25922L,PDA,1,D,1,7,50,11,,
18216,Basidiomycete,EC,25922L,MEA,1,L,1,7,50,0,,
18216,Basidiomycete,EC,25922L,MEA,1,D,1,7,50,0,,
18216,Basidiomycete,EC,25922L,WA,1,L,1,7,50,0,,
18216,Basidiomycete,EC,25922L,WA,1,D,1,7,50,0,,
18216,Basidiomycete,EC,25922L,CEA,1,L,1,7,50,0,,
18216,Basidiomycete,EC,25922L,CEA,1,D,1,7,50,0,,
18216,Basidiomycete,EC,25922L,REA,1,L,1,7,50,0,,
18216,Basidiomycete,EC,25922L,REA,1,D,1,7,50,0,,
18216,Basidiomycete,EC,25922L,OEA,1,L,1,7,50,8,,
18216,Basidiomycete,EC,25922L,OEA,1,D,1,7,50,8,,
18322,Basidiomycete,KP,70063,PDA,1,D,1,21,100,0,,
18322,Basidiomycete,KP,70063,MEA,1,D,1,21,100,0,,
18322,Basidiomycete,KP,70063,WA,1,D,1,21,100,0,,
18322,Basidiomycete,KP,70063,REA,1,D,1,21,100,0,,
18322,Basidiomycete,KP,70063,OEA,1,D,1,21,100,8,,
18322,Basidiomycete,EC,25922L,PDA,1,D,1,21,100,10,,
18322,Basidiomycete,EC,25922L,MEA,1,D,1,21,100,0,,
18322,Basidiomycete,EC,25922L,WA,1,D,1,21,100,0,,
18322,Basidiomycete,EC,25922L,REA,1,D,1,21,100,0,,
18322,Basidiomycete,EC,25922L,OEA,1,D,1,21,100,7,,
17555,Basidiomycete,KP,70063,PDA,1,L,1,7,20,0,,
17555,Basidiomycete,KP,70063,PDA,1,L,2,7,20,0,,
17555,Basidiomycete,KP,70063,PDA,1,D,1,7,20,0,,
17555,Basidiomycete,KP,70063,PDA,1,D,2,7,20,0,,
17555,Basidiomycete,KP,70063,PDA,2,L,1,9,50,0,,
17555,Basidiomycete,KP,70063,PDA,2,L,2,9,50,0,,
17555,Basidiomycete,KP,70063,PDA,2,D,1,9,60,0,,
17555,Basidiomycete,KP,70063,PDA,2,D,2,9,60,0,,
17555,Basidiomycete,KP,70063,PDA,3,L,1,34,100,0,,
17555,Basidiomycete,KP,70063,PDA,3,D,1,34,100,0,,
17555,Basidiomycete,KP,70063,MEA,1,L,1,7,20,0,,
17555,Basidiomycete,KP,70063,MEA,1,L,2,7,20,0,,
17555,Basidiomycete,KP,70063,MEA,1,D,1,7,20,0,,
17555,Basidiomycete,KP,70063,MEA,1,D,2,7,20,0,,
17555,Basidiomycete,KP,70063,MEA,2,L,1,9,30,0,,
17555,Basidiomycete,KP,70063,MEA,2,L,2,9,30,0,,
17555,Basidiomycete,KP,70063,MEA,2,D,1,9,30,0,,
17555,Basidiomycete,KP,70063,MEA,2,D,2,9,30,0,,
17555,Basidiomycete,KP,70063,MEA,3,L,1,34,75,0,,
17555,Basidiomycete,KP,70063,MEA,3,D,2,34,75,0,,
17555,Basidiomycete,KP,70063,WA,1,L,1,7,20,0,,
17555,Basidiomycete,KP,70063,WA,1,L,2,7,20,0,,
17555,Basidiomycete,KP,70063,WA,1,D,1,7,20,0,,
17555,Basidiomycete,KP,70063,WA,1,D,2,7,20,0,,
17555,Basidiomycete,KP,70063,WA,2,L,1,9,40,8,,
17555,Basidiomycete,KP,70063,WA,2,L,2,9,40,8,,
17555,Basidiomycete,KP,70063,WA,2,D,1,9,30,7,,
17555,Basidiomycete,KP,70063,WA,2,D,2,9,30,7,,
17555,Basidiomycete,KP,70063,WA,3,L,1,34,100,0,,
17555,Basidiomycete,KP,70063,WA,3,D,1,34,100,0,,
17555,Basidiomycete,KP,70063,CEA,1,L,1,7,20,0,,
17555,Basidiomycete,KP,70063,CEA,1,L,2,7,20,0,,
17555,Basidiomycete,KP,70063,CEA,1,D,1,7,20,0,,
17555,Basidiomycete,KP,70063,CEA,1,D,2,7,20,0,,
17555,Basidiomycete,KP,70063,CEA,2,L,1,9,30,0,,
17555,Basidiomycete,KP,70063,CEA,2,L,2,9,30,0,,
17555,Basidiomycete,KP,70063,CEA,2,D,1,9,20,0,,
17555,Basidiomycete,KP,70063,CEA,2,D,2,9,20,0,,
17555,Basidiomycete,KP,70063,CEA,3,L,1,34,100,0,,
17555,Basidiomycete,KP,70063,CEA,3,D,1,34,100,0,,
17555,Basidiomycete,KP,70063,REA,1,L,1,7,20,10,,
17555,Basidiomycete,KP,70063,REA,1,L,2,7,20,10,,
17555,Basidiomycete,KP,70063,REA,1,D,1,7,20,10,,
17555,Basidiomycete,KP,70063,REA,1,D,2,7,20,8,,
17555,Basidiomycete,KP,70063,REA,2,L,1,9,50,9,,
17555,Basidiomycete,KP,70063,REA,2,L,2,9,50,8,,
17555,Basidiomycete,KP,70063,REA,2,D,1,9,50,8,,
17555,Basidiomycete,KP,70063,REA,2,D,2,9,50,8,,
17555,Basidiomycete,KP,70063,REA,3,L,1,34,100,9,,
17555,Basidiomycete,KP,70063,REA,3,D,1,34,100,0,,
17555,Basidiomycete,KP,70063,OEA,1,L,1,7,20,7,,
17555,Basidiomycete,KP,70063,OEA,1,L,2,7,20,7,,
17555,Basidiomycete,KP,70063,OEA,1,D,1,7,20,7,,
17555,Basidiomycete,KP,70063,OEA,1,D,2,7,20,7,,
17555,Basidiomycete,KP,70063,OEA,2,L,1,9,100,0,,
17555,Basidiomycete,KP,70063,OEA,2,L,2,9,100,0,,
17555,Basidiomycete,KP,70063,OEA,2,D,1,9,100,0,,
17555,Basidiomycete,KP,70063,OEA,2,D,2,9,100,0,,
17555,Basidiomycete,KP,70063,OEA,3,L,1,34,100,7,,
17555,Basidiomycete,KP,70063,OEA,3,D,1,34,100,7,,
17555,Basidiomycete,KP,70063,CYA,1,L,1,34,20,0,,
17555,Basidiomycete,KP,70063,CYA,1,D,1,34,20,0,,
17555,Basidiomycete,EC,25922L,PDA,1,L,1,7,20,8,,
17555,Basidiomycete,EC,25922L,PDA,1,L,2,7,20,8,,
17555,Basidiomycete,EC,25922L,PDA,1,D,1,7,20,7,,
17555,Basidiomycete,EC,25922L,PDA,1,D,2,7,20,0,,
17555,Basidiomycete,EC,25922L,PDA,2,L,1,21,100,0,,
17555,Basidiomycete,EC,25922L,PDA,2,L,2,21,100,0,,
17555,Basidiomycete,EC,25922L,PDA,2,D,1,21,100,0,,
17555,Basidiomycete,EC,25922L,PDA,2,D,2,21,100,0,,
17555,Basidiomycete,EC,25922L,PDA,3,L,1,9,50,0,,
17555,Basidiomycete,EC,25922L,PDA,3,L,2,9,50,0,,
17555,Basidiomycete,EC,25922L,PDA,3,D,1,9,60,0,,
17555,Basidiomycete,EC,25922L,PDA,3,D,2,9,60,0,,
17555,Basidiomycete,EC,25922L,PDA,4,L,1,34,100,0,,
17555,Basidiomycete,EC,25922L,PDA,4,D,1,34,100,0,,
17555,Basidiomycete,EC,25922L,MEA,1,L,1,7,20,12,,
17555,Basidiomycete,EC,25922L,MEA,1,L,2,7,20,12,,
17555,Basidiomycete,EC,25922L,MEA,1,D,1,7,20,0,,
17555,Basidiomycete,EC,25922L,MEA,1,D,2,7,20,0,,
17555,Basidiomycete,EC,25922L,MEA,2,L,1,21,50,0,,
17555,Basidiomycete,EC,25922L,MEA,2,L,2,21,50,0,,
17555,Basidiomycete,EC,25922L,MEA,2,D,1,21,50,0,,
17555,Basidiomycete,EC,25922L,MEA,2,D,2,21,50,0,,
17555,Basidiomycete,EC,25922L,MEA,3,L,1,9,30,0,,
17555,Basidiomycete,EC,25922L,MEA,3,L,2,9,30,0,,
17555,Basidiomycete,EC,25922L,MEA,3,D,1,9,30,0,,
17555,Basidiomycete,EC,25922L,MEA,3,D,2,9,30,0,,
17555,Basidiomycete,EC,25922L,MEA,4,L,1,34,75,0,,
17555,Basidiomycete,EC,25922L,MEA,4,D,1,34,75,0,,
17555,Basidiomycete,EC,25922L,WA,1,L,1,7,20,0,,
17555,Basidiomycete,EC,25922L,WA,1,L,2,7,20,0,,
17555,Basidiomycete,EC,25922L,WA,1,D,1,7,20,0,,
17555,Basidiomycete,EC,25922L,WA,1,D,2,7,20,0,,
17555,Basidiomycete,EC,25922L,WA,2,L,1,9,40,0,,
17555,Basidiomycete,EC,25922L,WA,2,L,2,9,40,0,,
17555,Basidiomycete,EC,25922L,WA,2,D,1,9,30,0,,
17555,Basidiomycete,EC,25922L,WA,2,D,2,9,30,0,,
17555,Basidiomycete,EC,25922L,WA,3,L,1,34,100,0,,
17555,Basidiomycete,EC,25922L,WA,3,D,1,34,100,0,,
17555,Basidiomycete,EC,25922L,CEA,1,L,1,7,20,0,,
17555,Basidiomycete,EC,25922L,CEA,1,L,2,7,20,0,,
17555,Basidiomycete,EC,25922L,CEA,1,D,1,7,20,0,,
17555,Basidiomycete,EC,25922L,CEA,1,D,2,7,20,0,,
17555,Basidiomycete,EC,25922L,CEA,2,L,1,21,50,0,,
17555,Basidiomycete,EC,25922L,CEA,2,L,2,21,50,0,,
17555,Basidiomycete,EC,25922L,CEA,2,D,1,21,50,0,,
17555,Basidiomycete,EC,25922L,CEA,2,D,2,21,50,0,,
17555,Basidiomycete,EC,25922L,CEA,3,L,1,9,30,0,,
17555,Basidiomycete,EC,25922L,CEA,3,L,2,9,30,0,,
17555,Basidiomycete,EC,25922L,CEA,3,D,1,9,20,0,,
17555,Basidiomycete,EC,25922L,CEA,3,D,2,9,20,0,,
17555,Basidiomycete,EC,25922L,CEA,4,L,1,34,100,0,,
17555,Basidiomycete,EC,25922L,CEA,4,D,1,34,100,0,,
17555,Basidiomycete,EC,25922L,REA,1,L,1,7,20,0,,
17555,Basidiomycete,EC,25922L,REA,1,L,2,7,20,0,,
17555,Basidiomycete,EC,25922L,REA,1,D,1,7,20,0,,
17555,Basidiomycete,EC,25922L,REA,1,D,2,7,20,0,,
17555,Basidiomycete,EC,25922L,REA,2,L,1,21,50,0,,
17555,Basidiomycete,EC,25922L,REA,2,L,2,21,50,0,,
17555,Basidiomycete,EC,25922L,REA,2,D,1,21,50,0,,
17555,Basidiomycete,EC,25922L,REA,2,D,2,21,50,0,,
17555,Basidiomycete,EC,25922L,REA,3,L,1,9,50,0,,
17555,Basidiomycete,EC,25922L,REA,3,L,2,9,50,0,,
17555,Basidiomycete,EC,25922L,REA,3,D,1,9,50,0,,
17555,Basidiomycete,EC,25922L,REA,3,D,2,9,50,0,,
17555,Basidiomycete,EC,25922L,REA,4,L,1,34,100,0,,
17555,Basidiomycete,EC,25922L,REA,4,D,1,34,100,0,,
17555,Basidiomycete,EC,25922L,OEA,1,L,1,7,20,7,,
17555,Basidiomycete,EC,25922L,OEA,1,L,2,7,20,7,,
17555,Basidiomycete,EC,25922L,OEA,1,D,1,7,20,7,,
17555,Basidiomycete,EC,25922L,OEA,1,D,2,7,20,7,,
17555,Basidiomycete,EC,25922L,OEA,2,L,1,21,100,7,,
17555,Basidiomycete,EC,25922L,OEA,2,L,2,21,100,7,,
17555,Basidiomycete,EC,25922L,OEA,2,D,1,21,100,7,,
17555,Basidiomycete,EC,25922L,OEA,2,D,2,21,100,7,,
17555,Basidiomycete,EC,25922L,OEA,3,L,1,9,100,0,,
17555,Basidiomycete,EC,25922L,OEA,3,L,2,9,100,0,,
17555,Basidiomycete,EC,25922L,OEA,3,D,1,9,100,0,,
17555,Basidiomycete,EC,25922L,OEA,3,D,2,9,100,0,,
17555,Basidiomycete,EC,25922L,CYA,0,L,1,34,20,0,,
17555,Basidiomycete,EC,25922L,CYA,0,D,1,34,20,0,,
13268,Basidiomycete,KP,70063,PDA,1,D,1,9,20,7,,
13268,Basidiomycete,KP,70063,MEA,1,D,1,9,30,0,,
13268,Basidiomycete,KP,70063,WA,1,D,1,9,20,0,,
13268,Basidiomycete,KP,70063,REA,1,D,1,9,40,0,,
13268,Basidiomycete,KP,70063,OEA,1,D,1,9,20,11,,
13268,Basidiomycete,EC,25922L,PDA,1,D,1,9,20,0,,
13268,Basidiomycete,EC,25922L,MEA,1,D,1,9,30,0,,
13268,Basidiomycete,EC,25922L,WA,1,D,1,9,20,0,,
13268,Basidiomycete,EC,25922L,REA,1,D,1,9,40,0,,
13268,Basidiomycete,EC,25922L,OEA,1,D,1,9,20,7,,
16953,Basidiomycete,KP,70063,PDA,1,L,1,9,100,0,,
16953,Basidiomycete,KP,70063,PDA,1,D,1,9,100,0,,
16953,Basidiomycete,KP,70063,MEA,1,L,1,9,50,0,,
16953,Basidiomycete,KP,70063,MEA,1,D,1,9,50,0,,
16953,Basidiomycete,KP,70063,WA,1,L,1,9,40,0,,
16953,Basidiomycete,KP,70063,WA,1,D,1,9,40,0,,
16953,Basidiomycete,KP,70063,REA,1,L,1,9,50,12,,
16953,Basidiomycete,KP,70063,REA,1,D,1,9,50,11,,
16953,Basidiomycete,KP,70063,PDA,1,L,1,9,100,0,,
16953,Basidiomycete,KP,70063,PDA,1,D,1,9,100,0,,
16953,Basidiomycete,KP,70063,MEA,1,L,1,9,50,0,,
16953,Basidiomycete,KP,70063,MEA,1,D,1,9,50,0,,
16953,Basidiomycete,KP,70063,WA,1,L,1,9,40,0,,
16953,Basidiomycete,KP,70063,WA,1,D,1,9,40,0,,
16953,Basidiomycete,KP,70063,REA,1,L,1,9,50,0,,
16953,Basidiomycete,KP,70063,REA,1,D,1,9,50,0,,
16953,Basidiomycete,EC,25922L,PDA,1,L,1,9,100,0,,
16953,Basidiomycete,EC,25922L,PDA,1,D,1,9,100,0,,
16953,Basidiomycete,EC,25922L,MEA,1,L,1,9,50,0,,
16953,Basidiomycete,EC,25922L,MEA,1,D,1,9,50,0,,
16953,Basidiomycete,EC,25922L,WA,1,L,1,9,40,0,,
16953,Basidiomycete,EC,25922L,WA,1,D,1,9,40,0,,
16953,Basidiomycete,EC,25922L,REA,1,L,1,9,50,0,,
16953,Basidiomycete,EC,25922L,REA,1,D,1,9,50,0,,
16953,Basidiomycete,EC,25922L,PDA,1,L,1,9,100,0,,
16953,Basidiomycete,EC,25922L,PDA,1,D,1,9,100,0,,
16953,Basidiomycete,EC,25922L,MEA,1,L,1,9,50,0,,
16953,Basidiomycete,EC,25922L,MEA,1,D,1,9,50,0,,
16953,Basidiomycete,EC,25922L,WA,1,L,1,9,40,0,,
16953,Basidiomycete,EC,25922L,WA,1,D,1,9,40,0,,
16953,Basidiomycete,EC,25922L,REA,1,L,1,9,50,0,,
16953,Basidiomycete,EC,25922L,REA,1,D,1,9,50,0,,
18137,Basidiomycete,KP,70063,PDA,1,L,1,9,20,0,,
18137,Basidiomycete,KP,70063,PDA,1,D,1,9,20,0,,
18137,Basidiomycete,KP,70063,MEA,1,D,1,9,40,0,,
18137,Basidiomycete,KP,70063,OEA,1,L,1,9,40,0,,
18137,Basidiomycete,KP,70063,OEA,1,D,1,9,40,0,,
18137,Basidiomycete,KP,70063,PDA,1,L,1,9,20,0,,
18137,Basidiomycete,KP,70063,PDA,1,D,1,9,20,0,,
18137,Basidiomycete,KP,70063,MEA,1,D,1,9,40,0,,
18137,Basidiomycete,KP,70063,OEA,1,L,1,9,40,0,,
18137,Basidiomycete,KP,70063,OEA,1,D,1,9,40,0,,
18137,Basidiomycete,EC,25922L,PDA,1,L,1,9,20,0,,
18137,Basidiomycete,EC,25922L,PDA,1,D,1,9,20,0,,
18137,Basidiomycete,EC,25922L,MEA,1,D,1,9,40,0,,
18137,Basidiomycete,EC,25922L,OEA,1,L,1,9,40,0,,
18137,Basidiomycete,EC,25922L,OEA,1,D,1,9,40,0,,
18137,Basidiomycete,EC,25922L,PDA,1,L,1,9,20,0,,
18137,Basidiomycete,EC,25922L,PDA,1,D,1,9,20,0,,
18137,Basidiomycete,EC,25922L,MEA,1,D,1,9,40,0,,
18137,Basidiomycete,EC,25922L,OEA,1,L,1,9,40,0,,
18137,Basidiomycete,EC,25922L,OEA,1,D,1,9,40,0,,
16864,Ascomycete,KP,70063,PDA,1,L,1,9,100,0,,
16864,Ascomycete,KP,70063,PDA,1,D,1,9,100,0,,
16864,Ascomycete,KP,70063,PDA,2,L,1,18,75,11,,
16864,Ascomycete,KP,70063,PDA,2,L,2,18,75,13,,
16864,Ascomycete,KP,70063,PDA,2,D,1,18,75,12,,
16864,Ascomycete,KP,70063,PDA,2,D,2,18,75,12,,
16864,Ascomycete,KP,70063,MEA,1,D,1,9,20,0,,
16864,Ascomycete,KP,70063,CEA,1,L,1,18,20,0,,
16864,Ascomycete,KP,70063,CEA,1,D,1,18,20,0,,
16864,Ascomycete,KP,70063,REA,1,L,1,9,20,0,,
16864,Ascomycete,KP,70063,REA,1,D,1,9,20,0,,
16864,Ascomycete,KP,70063,REA,1,L,1,18,50,0,,
16864,Ascomycete,KP,70063,REA,1,D,1,18,20,0,,
16864,Ascomycete,KP,70063,OEA,1,L,1,9,40,11,,
16864,Ascomycete,KP,70063,OEA,1,D,1,9,100,8,,
16864,Ascomycete,KP,70063,OEA,2,L,1,18,100,10,,
16864,Ascomycete,KP,70063,OEA,2,L,2,18,100,11,,
16864,Ascomycete,KP,70063,CYA,1,L,1,18,20,0,,
16864,Ascomycete,KP,70063,CYA,1,D,1,18,20,0,,
16864,Ascomycete,EC,25922L,PDA,1,L,1,9,100,0,,
16864,Ascomycete,EC,25922L,PDA,1,D,1,9,100,0,,
16864,Ascomycete,EC,25922L,PDA,2,L,1,18,75,15,,
16864,Ascomycete,EC,25922L,PDA,2,L,2,18,75,14,,
16864,Ascomycete,EC,25922L,PDA,2,D,1,18,75,12,,
16864,Ascomycete,EC,25922L,PDA,2,D,2,18,75,13,,
16864,Ascomycete,EC,25922L,MEA,1,D,1,9,20,0,,
16864,Ascomycete,EC,25922L,CEA,1,L,1,18,20,0,,
16864,Ascomycete,EC,25922L,CEA,1,D,1,18,20,0,,
16864,Ascomycete,EC,25922L,REA,1,L,1,9,20,0,,
16864,Ascomycete,EC,25922L,REA,1,D,1,9,20,0,,
16864,Ascomycete,EC,25922L,REA,1,L,1,18,50,0,,
16864,Ascomycete,EC,25922L,REA,1,D,1,18,20,0,,
16864,Ascomycete,EC,25922L,OEA,1,L,1,9,40,0,,
16864,Ascomycete,EC,25922L,OEA,1,D,1,9,100,0,,
16864,Ascomycete,EC,25922L,OEA,2,L,1,18,100,0,,
16864,Ascomycete,EC,25922L,OEA,2,L,2,18,100,0,,
16864,Ascomycete,EC,25922L,CYA,1,L,1,18,20,0,,
16864,Ascomycete,EC,25922L,CYA,1,D,1,18,20,0,,
